1,Bulbasaur,45,49,49,65,65,45,318,Grass,Poison,Overgrow,,Chlorophyll,6.9 kG,64,5120,M (87.5%),Monster,Grass,45,1059860,
2,Ivysaur,60,62,63,80,80,60,405,Grass,Poison,Overgrow,,Chlorophyll,13.0 kG,142,,M (87.5%),Monster,Grass,45,1059860,Lv. 16
3,Venusaur,80,82,83,100,100,80,525,Grass,Poison,Overgrow,,Chlorophyll,100.0 kG,236,,M (87.5%),Monster,Grass,45,1059860,Lv. 32
4,Charmander,39,52,43,60,50,65,309,Fire,,Blaze,,Solar Power,8.5 kG,62,5120,M (87.5%),Monster,Dragon,45,1059860,
5,Charmeleon,58,64,58,80,65,80,405,Fire,,Blaze,,Solar Power,19.0 kG,142,,M (87.5%),Monster,Dragon,45,1059860,Lv. 16
6,Charizard,78,84,78,109,85,100,534,Fire,Flying,Blaze,,Solar Power,90.5 kG,240,,M (87.5%),Monster,Dragon,45,1059860,Lv. 36
7,Squirtle,44,48,65,60,54,43,314,Water,,Torrent,,Rain Dish,9.0 kG,63,5120,M (87.5%),Monster,Water 1,45,1059860,
8,Wartortle,59,63,80,65,80,58,405,Water,,Torrent,,Rain Dish,22.5 kG,142,,M (87.5%),Monster,Water 1,45,1059860,Lv. 16
9,Blastoise,79,83,100,85,105,78,530,Water,,Torrent,,Rain Dish,85.5 kG,239,,M (87.5%),Monster,Water 1,45,1059860,Lv. 36
10,Caterpie,45,30,35,20,20,45,195,Bug,,Shield Dust,,Run Away,2.9 kG,39,3840,Neutral,Bug,,255,1000000,
11,Metapod,50,20,55,25,25,30,205,Bug,,Shed Skin,,,9.9 kG,72,,Neutral,Bug,,120,1000000,Lv. 7
12,Butterfree,60,45,50,80,80,70,385,Bug,Flying,Compoundeyes,,Tinted Lens,32.0 kG,173,,Neutral,Bug,,45,1000000,Lv. 10
13,Weedle,40,35,30,20,20,50,195,Bug,Poison,Shield Dust,,Run Away,3.2 kG,39,3840,Neutral,Bug,,255,1000000,
14,Kakuna,45,25,50,25,25,35,205,Bug,Poison,Shed Skin,,,10.0 kG,72,,Neutral,Bug,,120,1000000,Lv. 7
15,Beedrill,65,80,40,40,80,75,380,Bug,Poison,Swarm,,Sniper,29.5 kG,173,,Neutral,Bug,,45,1000000,Lv. 10
16,Pidgey,40,45,40,35,35,56,251,Normal,Flying,Keen Eye,Tangled Feet,Big Pecks,1.8 kG,50,3840,Neutral,Flying,,255,1059860,
17,Pidgeotto,63,60,55,50,50,71,349,Normal,Flying,Keen Eye,Tangled Feet,Big Pecks,30.0 kG,122,,Neutral,Flying,,120,1059860,Lv. 18
18,Pidgeot,83,80,75,70,70,91,469,Normal,Flying,Keen Eye,Tangled Feet,Big Pecks,39.5 kG,211,,Neutral,Flying,,45,1059860,Lv. 36
19,Rattata,30,56,35,25,35,72,253,Normal,,Run Away,Guts,Hustle,3.5 kG,51,3840,Neutral,Field,,255,1000000,
20,Raticate,55,81,60,50,70,97,413,Normal,,Run Away,Guts,Hustle,18.5 kG,145,,Neutral,Field,,127,1000000,Lv. 20
21,Spearow,40,60,30,31,31,70,262,Normal,Flying,Keen Eye,,Sniper,2.0 kG,52,3840,Neutral,Flying,,255,1000000,
22,Fearow,65,90,65,61,61,100,442,Normal,Flying,Keen Eye,,Sniper,38.0 kG,155,,Neutral,Flying,,90,1000000,Lv. 20
23,Ekans,30,60,44,40,54,55,283,Poison,,Intimidate,Shed Skin,Unnerve,6.9 kG,58,5120,Neutral,Field,Dragon,255,1000000,
24,Arbok,60,85,69,65,79,80,438,Poison,,Intimidate,Shed Skin,Unnerve,65.0 kG,153,,Neutral,Field,Dragon,90,1000000,Lv. 22
25,Pikachu,35,55,30,50,40,90,300,Electric,,Static,,Lightningrod,6.0 kG,214,,Neutral,Field,Fairy,190,1000000,Friendship
26,Raichu,60,90,55,90,80,100,475,Electric,,Static,,Lightningrod,30.0 kG,60,,Neutral,Field,Fairy,75,1000000,Thunderstone
27,Sandshrew,50,75,85,20,30,40,300,Ground,,Sand Veil,,Sand Rush,12.0 kG,158,5120,Neutral,Field,,255,1000000,
28,Sandslash,75,100,110,45,55,65,450,Ground,,Sand Veil,,Sand Rush,29.5 kG,55,,Neutral,Field,,90,1000000,Lv. 22
29,Nidoran♀,55,47,52,40,40,41,275,Poison,,Poison Point,Rivalry,Hustle,7.0 kG,128,5120,F (100%),Monster,Field,235,1059860,
30,Nidorina,70,62,67,55,55,56,365,Poison,,Poison Point,Rivalry,Hustle,20.0 kG,223,,F (100%),Undiscovered,,120,1059860,Lv. 16
31,Nidoqueen,90,82,87,75,85,76,495,Poison,Ground,Poison Point,Rivalry,Sheer Force,60.0 kG,55,,F (100%),Undiscovered,,45,1059860,Moon Stone
32,Nidoran♂,46,57,40,40,40,50,273,Poison,,Poison Point,Rivalry,Hustle,9.0 kG,128,5120,M (100%),Monster,Field,235,1059860,
33,Nidorino,61,72,57,55,55,65,365,Poison,,Poison Point,Rivalry,Hustle,19.5 kG,223,,M (100%),Monster,Field,120,1059860,Lv. 16
34,Nidoking,81,92,77,85,75,85,495,Poison,Ground,Poison Point,Rivalry,Sheer Force,62.0 kG,113,,M (100%),Monster,Field,45,1059860,Moon Stone
35,Clefairy,70,45,48,60,65,35,323,Fairy,,Cute Charm,Magic Guard,Friend Guard,7.5 kG,60,,F (75%),Fairy,,150,800000,Friendship
36,Clefable,95,70,73,85,90,60,473,Fairy,,Cute Charm,Magic Guard,Unaware,40.0 kG,177,,F (75%),Fairy,,25,800000,Moon Stone
37,Vulpix,38,41,40,50,65,65,299,Fire,,Flash Fire,,Drought,9.9 kG,95,5120,F (75%),Field,,190,1000000,
38,Ninetales,73,76,75,81,100,100,505,Fire,,Flash Fire,,Drought,19.9 kG,191,,F (75%),Field,,75,1000000,Fire Stone
39,Jigglypuff,115,45,20,45,25,20,270,Normal,Fairy,Cute Charm,,Friend Guard,5.5 kG,159,,F (75%),Fairy,,170,800000,Friendship
40,Wigglytuff,140,70,45,75,50,45,425,Normal,Fairy,Cute Charm,,Frisk,12.0 kG,64,,F (75%),Fairy,,50,800000,Moon Stone
41,Zubat,40,45,35,30,40,55,245,Poison,Flying,Inner Focus,,Infiltrator,7.5 kG,138,3840,Neutral,Flying,,255,1000000,
42,Golbat,75,80,70,65,75,90,455,Poison,Flying,Inner Focus,,Infiltrator,55.0 kG,216,,Neutral,Flying,,90,1000000,Lv. 22
43,Oddish,45,50,55,75,65,30,320,Grass,Poison,Chlorophyll,,Run Away,5.4 kG,142,5120,Neutral,Grass,,255,1059860,
44,Gloom,60,65,70,85,75,40,395,Grass,Poison,Chlorophyll,,Stench,8.6 kG,61,,Neutral,Grass,,120,1059860,Lv. 22
45,Vileplume,75,80,85,100,90,50,480,Grass,Poison,Chlorophyll,,Effect Spore,18.6 kG,158,,Neutral,Grass,,45,1059860,Leaf Stone
46,Paras,35,70,55,45,55,25,285,Bug,Grass,Effect Spore,Dry Skin,Damp,5.4 kG,142,5120,Neutral,Bug,Grass,190,1000000,
47,Parasect,60,95,80,60,80,30,405,Bug,Grass,Effect Spore,Dry Skin,Damp,29.5 kG,58,,Neutral,Bug,Grass,75,1000000,Lv. 24
48,Venonat,60,55,50,40,55,45,305,Bug,Poison,Compoundeyes,Tinted Lens,Run Away,30.0 kG,154,5120,Neutral,Bug,,190,1000000,
49,Venomoth,70,65,60,90,75,90,450,Bug,Poison,Shield Dust,Tinted Lens,Wonder Skin,12.5 kG,64,,Neutral,Bug,,75,1000000,Lv. 31
50,Diglett,10,55,25,35,45,95,265,Ground,,Sand Veil,Arena Trap,Sand Force,0.8 kG,175,5120,Neutral,Field,,255,1000000,
51,Dugtrio,35,80,50,50,70,120,405,Ground,,Sand Veil,Arena Trap,Sand Force,33.3 kG,61,,Neutral,Field,,50,1000000,Lv. 26
52,Meowth,40,45,35,40,40,90,290,Normal,,Pickup,Technician,Unnerve,4.2 kG,159,5120,Neutral,Field,,255,1000000,
53,Persian,65,70,60,65,65,115,440,Normal,,Limber,Technician,Unnerve,32.0 kG,70,,Neutral,Field,,90,1000000,Lv. 28
54,Psyduck,50,52,48,65,50,55,320,Water,,Damp,Cloud Nine,Swift Swim,19.6 kG,194,5120,Neutral,Water 1,Field,190,1000000,
55,Golduck,80,82,78,95,80,85,500,Water,,Damp,Cloud Nine,Swift Swim,76.6 kG,60,,Neutral,Water 1,Field,75,1000000,Lv. 33
56,Mankey,40,80,35,35,45,70,305,Fighting,,Vital Spirit,Anger Point,Defiant,28.0 kG,135,5120,Neutral,Field,,190,1000000,
57,Primeape,65,105,60,60,70,95,455,Fighting,,Vital Spirit,Anger Point,Defiant,32.0 kG,225,,Neutral,Field,,75,1000000,Lv. 28
58,Growlithe,55,70,45,70,50,60,350,Fire,,Intimidate,Flash Fire,Justified,19.0 kG,62,5120,M (75%),Field,,190,1250000,
59,Arcanine,90,110,80,100,80,95,555,Fire,,Intimidate,Flash Fire,Justified,155.0 kG,140,,M (75%),Field,,75,1250000,Fire Stone
60,Poliwag,40,50,40,40,40,90,300,Water,,Water Absorb,Damp,Swift Swim,12.4 kG,221,5120,Neutral,Water 1,,255,1059860,
61,Poliwhirl,65,65,65,50,50,90,385,Water,,Water Absorb,Damp,Swift Swim,20.0 kG,61,,Neutral,Water 1,,120,1059860,Lv. 25
62,Poliwrath,90,85,95,70,90,70,500,Water,Fighting,Water Absorb,Damp,Swift Swim,54.0 kG,142,,Neutral,Water 1,,45,1059860,Water Stone
63,Abra,25,20,15,105,55,90,310,Psychic,,Synchronize,Inner Focus,Magic Guard,19.5 kG,60,5120,M (75%),Human-Like,,200,1059860,
64,Kadabra,40,35,30,120,70,105,400,Psychic,,Synchronize,Inner Focus,Magic Guard,56.5 kG,137,,M (75%),Human-Like,,100,1059860,Lv. 16
65,Alakazam,55,50,45,135,85,120,490,Psychic,,Synchronize,Inner Focus,Magic Guard,48.0 kG,216,,M (75%),Human-Like,,50,1059860,Trade
66,Machop,70,80,50,35,35,35,305,Fighting,,Guts,No Guard,Steadfast,19.5 kG,67,5120,M (75%),Human-Like,,180,1059860,
67,Machoke,80,100,70,50,60,45,405,Fighting,,Guts,No Guard,Steadfast,70.5 kG,180,,M (75%),Human-Like,,90,1059860,Lv. 28
68,Machamp,90,130,80,65,85,55,505,Fighting,,Guts,No Guard,Steadfast,130.0 kG,60,,M (75%),Human-Like,,45,1059860,Trade
69,Bellsprout,50,75,35,70,30,40,300,Grass,Poison,Chlorophyll,,Gluttony,4.0 kG,137,5120,Neutral,Grass,,255,1059860,
70,Weepinbell,65,90,50,85,45,55,390,Grass,Poison,Chlorophyll,,Gluttony,6.4 kG,218,,Neutral,Grass,,120,1059860,Lv. 21
71,Victreebel,80,105,65,100,60,70,480,Grass,Poison,Chlorophyll,,Gluttony,15.5 kG,82,,Neutral,Grass,,45,1059860,Leaf Stone
72,Tentacool,40,40,35,50,100,70,335,Water,Poison,Clear Body,Liquid Ooze,Rain Dish,45.5 kG,175,5120,Neutral,Water 3,,190,1250000,
73,Tentacruel,80,70,65,80,120,100,515,Water,Poison,Clear Body,Liquid Ooze,Rain Dish,55.0 kG,63,,Neutral,Water 3,,60,1250000,Lv. 30
74,Geodude,40,80,100,30,30,20,300,Rock,Ground,Rock Head,Sturdy,Sand Veil,20.0 kG,172,3840,Neutral,Mineral,,255,1059860,
75,Graveler,55,95,115,45,45,35,390,Rock,Ground,Rock Head,Sturdy,Sand Veil,105.0 kG,65,,Neutral,Mineral,,120,1059860,Lv. 25
76,Golem,80,110,130,55,65,45,485,Rock,Ground,Rock Head,Sturdy,Sand Veil,300.0 kG,163,,Neutral,Mineral,,45,1059860,Trade
77,Ponyta,50,85,55,65,65,90,410,Fire,,Run Away,Flash Fire,Flame Body,30.0 kG,123,5120,Neutral,Field,,190,1000000,
78,Rapidash,65,100,70,80,80,105,500,Fire,,Run Away,Flash Fire,Flame Body,95.0 kG,62,,Neutral,Field,,60,1000000,Lv. 40
79,Slowpoke,90,65,65,40,40,15,315,Water,Psychic,Oblivious,Own Tempo,Regenerator,36.0 kG,161,5120,Neutral,Monster,Water 1,190,1000000,
80,Slowbro,95,75,110,100,80,30,490,Water,Psychic,Oblivious,Own Tempo,Regenerator,78.5 kG,65,,Neutral,Monster,Water 1,75,1000000,Lv. 37
81,Magnemite,25,35,70,95,55,45,325,Electric,Steel,Magnet Pull,Sturdy,Analytic,6.0 kG,65,5120,None,Mineral,,190,1000000,
82,Magneton,50,60,95,120,70,70,465,Electric,Steel,Magnet Pull,Sturdy,Analytic,60.0 kG,175,,None,Mineral,,60,1000000,Lv. 30
83,Farfetch'd,52,65,55,58,62,60,352,Normal,Flying,Keen Eye,Inner Focus,Defiant,15.0 kG,184,5120,Neutral,Flying,Field,45,1000000,N
84,Doduo,35,85,45,35,35,75,310,Normal,Flying,Run Away,Early Bird,Tangled Feet,39.2 kG,62,5120,Neutral,Flying,,190,1000000,
85,Dodrio,60,110,70,60,60,100,460,Normal,Flying,Run Away,Early Bird,Tangled Feet,85.2 kG,142,,Neutral,Flying,,45,1000000,Lv. 31
86,Seel,65,45,55,45,70,45,325,Water,,Thick Fat,Hydration,Ice Body,90.0 kG,225,5120,Neutral,Water 1,Field,190,1000000,
87,Dewgong,90,70,80,70,95,70,475,Water,Ice,Thick Fat,Hydration,Ice Body,120.0 kG,77,,Neutral,Water 1,Field,75,1000000,Lv. 34
88,Grimer,80,80,50,40,50,25,325,Poison,,Stench,Sticky Hold,Poison Touch,30.0 kG,66,5120,Neutral,Amorphous,,190,1000000,
89,Muk,105,105,75,65,100,50,500,Poison,,Stench,Sticky Hold,Poison Touch,30.0 kG,169,,Neutral,Amorphous,,75,1000000,Lv. 38
90,Shellder,30,65,100,45,25,40,305,Water,,Shell Armor,Skill Link,Overcoat,4.0 kG,65,5120,Neutral,Water 3,,190,1250000,
91,Cloyster,50,90,180,85,45,70,520,Water,Ice,Shell Armor,Skill Link,Overcoat,132.5 kG,166,,Neutral,Water 3,,60,1250000,Water Stone
92,Gastly,30,35,30,100,35,80,310,Ghost,Poison,Levitate,,,0.1 kG,66,5120,Neutral,Amorphous,,190,1059860,
93,Haunter,45,50,45,115,55,95,405,Ghost,Poison,Levitate,,,0.1 kG,168,,Neutral,Amorphous,,90,1059860,Lv. 25
94,Gengar,60,65,60,130,75,110,500,Ghost,Poison,Levitate,,,40.5 kG,65,,Neutral,Amorphous,,45,1059860,Trade
95,Onix,35,45,160,30,45,70,385,Rock,Ground,Rock Head,Sturdy,Weak Armor,210.0 kG,182,6140,Neutral,Mineral,,45,1000000,
96,Drowzee,60,48,45,43,90,42,328,Psychic,,Insomnia,Forewarn,Inner Focus,32.4 kG,149,5120,Neutral,Human-Like,,190,1000000,
97,Hypno,85,73,70,73,115,67,483,Psychic,,Insomnia,Forewarn,Inner Focus,75.6 kG,159,,Neutral,Human-Like,,75,1000000,Lv. 26
98,Krabby,30,105,90,25,25,50,325,Water,,Hyper Cutter,Shell Armor,Sheer Force,6.5 kG,159,5120,Neutral,Water 3,,225,1000000,
99,Kingler,55,130,115,50,50,75,475,Water,,Hyper Cutter,Shell Armor,Sheer Force,60.0 kG,77,,Neutral,Water 3,,60,1000000,Lv. 28
100,Voltorb,40,30,50,55,55,100,330,Electric,,Soundproof,Static,Aftermath,10.4 kG,68,5120,None,Mineral,,190,1000000,
101,Electrode,60,50,70,80,80,140,480,Electric,,Soundproof,Static,Aftermath,66.6 kG,172,,None,Mineral,,60,1000000,Lv. 30
102,Exeggcute,60,40,80,60,45,40,325,Grass,Psychic,Chlorophyll,,Harvest,2.5 kG,69,5120,Neutral,Grass,,90,1250000,
103,Exeggutor,95,95,85,125,65,55,520,Grass,Psychic,Chlorophyll,,Harvest,120.0 kG,170,,Neutral,Grass,,45,1250000,Leaf Stone
104,Cubone,50,50,95,40,50,35,320,Ground,,Rock Head,Lightningrod,Battle Armor,6.5 kG,395,5120,Neutral,Monster,,190,1000000,
105,Marowak,60,80,110,50,80,45,425,Ground,,Rock Head,Lightningrod,Battle Armor,45.0 kG,87,,Neutral,Monster,,75,1000000,Lv. 28
106,Hitmonlee,50,120,53,35,110,87,455,Fighting,,Limber,Reckless,Unburden,49.8 kG,59,,M (100%),Human-Like,,45,1000000,Lv. 20 (Atk>Def)
107,Hitmonchan,50,105,79,35,110,76,455,Fighting,,Keen Eye,Iron Fist,Inner Focus,50.2 kG,154,,M (100%),Human-Like,,45,1000000,Lv. 20 (Atk<Def)
108,Lickitung,90,55,75,60,75,30,385,Normal,,Own Tempo,Oblivious,Cloud Nine,65.5 kG,158,5120,Neutral,Monster,,45,1000000,
109,Koffing,40,65,95,60,45,35,340,Poison,,Levitate,,,1.0 kG,182,5120,Neutral,Amorphous,,190,1000000,
110,Weezing,65,90,120,85,70,60,490,Poison,,Levitate,,,9.5 kG,161,,Neutral,Amorphous,,60,1000000,Lv. 35
111,Rhyhorn,80,85,95,30,30,25,345,Ground,Rock,Lightningrod,Rock Head,Reckless,115.0 kG,100,5120,Neutral,Monster,Field,120,1250000,
112,Rhydon,105,130,120,45,45,40,485,Ground,Rock,Lightningrod,Rock Head,Reckless,120.0 kG,159,,Neutral,Monster,Field,60,1250000,Lv. 42
113,Chansey,250,5,5,35,105,50,450,Normal,,Natural Cure,Serene Grace,Healer,34.6 kG,175,10240,F (100%),Fairy,,30,800000,Morn/Day Fr. h/ Oval Stone
114,Tangela,65,55,115,100,40,60,435,Grass,,Chlorophyll,Leaf Guard,Regenerator,35.0 kG,40,5120,Neutral,Grass,,45,1000000,
115,Kangaskhan,105,95,80,40,80,90,490,Normal,,Early Bird,Scrappy,Inner Focus,80.0 kG,187,5120,F (100%),Monster,,45,1000000,N
116,Horsea,30,40,70,70,25,60,295,Water,,Swift Swim,Sniper,Damp,8.0 kG,101,5120,Neutral,Water 1,Dragon,225,1000000,
117,Seadra,55,65,95,95,45,85,440,Water,,Poison Point,Sniper,Damp,25.0 kG,65,,Neutral,Water 1,Dragon,75,1000000,Lv. 32
118,Goldeen,45,67,60,35,50,63,320,Water,,Swift Swim,Water Veil,Lightningrod,15.0 kG,184,5120,Neutral,Water 2,,225,1000000,
119,Seaking,80,92,65,65,80,68,450,Water,,Swift Swim,Water Veil,Lightningrod,39.0 kG,184,,Neutral,Water 2,,60,1000000,Lv. 33
120,Staryu,30,45,55,70,55,85,340,Water,,Illuminate,Natural Cure,Analytic,34.5 kG,79,5120,None,Water 3,,225,1250000,
121,Starmie,60,75,85,100,85,115,520,Water,Psychic,Illuminate,Natural Cure,Analytic,80.0 kG,71,,None,Water 3,,60,1250000,Water Stone
122,Mr. Mime,40,45,65,100,120,90,460,Psychic,Fairy,Soundproof,Filter,Technician,54.5 kG,71,6400,Neutral,Human-Like,,45,1000000,Level w/ Mimic
123,Scyther,70,110,80,55,80,105,500,Bug,Flying,Swarm,Technician,Steadfast,56.0 kG,173,6400,Neutral,Bug,,45,1000000,
124,Jynx,65,50,35,115,95,95,455,Ice,Psychic,Oblivious,Forewarn,Dry Skin,40.6 kG,261,,F (100%),Human-Like,,45,1000000,Lv. 30
125,Electabuzz,65,83,57,95,85,105,490,Electric,,Static,,Vital Spirit,30.0 kG,261,,M (75%),Human-Like,,45,1000000,Lv. 30
126,Magmar,65,95,57,100,85,93,495,Fire,,Flame Body,,Vital Spirit,44.5 kG,270,,M (75%),Human-Like,,45,1000000,Lv. 30
127,Pinsir,65,125,100,55,70,85,500,Bug,,Hyper Cutter,Mold Breaker,Moxie,55.0 kG,270,6400,Neutral,Bug,,45,1250000,N
128,Tauros,75,100,95,40,70,110,490,Normal,,Intimidate,Anger Point,Sheer Force,88.4 kG,64,5120,M (100%),Field,,45,1250000,N
129,Magikarp,20,10,55,15,20,80,200,Water,,Swift Swim,,Rattled,10.0 kG,142,1280,Neutral,Water 2,Dragon,255,1250000,
130,Gyarados,95,125,79,60,100,81,540,Water,Flying,Intimidate,,Moxie,235.0 kG,236,,Neutral,Water 2,Dragon,45,1250000,Lv. 20
131,Lapras,130,85,80,85,95,60,535,Water,Ice,Water Absorb,Shell Armor,Hydration,220.0 kG,62,10240,Neutral,Monster,Water 1,45,1250000,N
132,Ditto,48,48,48,48,48,48,288,Normal,,Limber,,Imposter,4.0 kG,142,,None,Ditto,,35,1000000,N
133,Eevee,55,55,50,45,65,55,325,Normal,,Run Away,Adaptability,Anticipation,6.5 kG,240,8960,M (87.5%),Field,,45,1000000,
134,Vaporeon,130,65,60,110,95,65,525,Water,,Water Absorb,,Hydration,29.0 kG,63,,M (87.5%),Field,,45,1000000,Water Stone
135,Jolteon,65,65,60,110,95,130,525,Electric,,Volt Absorb,,Quick Feet,24.5 kG,142,,M (87.5%),Field,,45,1000000,Thunderstone
136,Flareon,65,130,60,95,110,65,525,Fire,,Flash Fire,,Guts,25.0 kG,239,,M (87.5%),Field,,45,1000000,Fire Stone
137,Porygon,65,60,70,85,75,40,395,Normal,,Trace,Download,Analytic,36.5 kG,53,5120,None,Mineral,,45,1000000,
138,Omanyte,35,40,100,90,55,35,355,Rock,Water,Swift Swim,Shell Armor,Weak Armor,7.5 kG,137,7680,M (87.5%),Water 1,Water 3,45,1000000,
139,Omastar,70,60,125,115,70,55,495,Rock,Water,Swift Swim,Shell Armor,Weak Armor,35.0 kG,241,,M (87.5%),Water 1,Water 3,45,1000000,Lv. 40
140,Kabuto,30,80,90,55,45,55,355,Rock,Water,Swift Swim,Battle Armor,Weak Armor,11.5 kG,66,7680,M (87.5%),Water 1,Water 3,45,1000000,
141,Kabutops,60,115,105,65,70,80,495,Rock,Water,Swift Swim,Battle Armor,Weak Armor,40.5 kG,161,,M (87.5%),Water 1,Water 3,45,1000000,Lv. 40
142,Aerodactyl,80,105,65,60,75,130,515,Rock,Flying,Rock Head,Pressure,Unnerve,59.0 kG,41,8960,M (87.5%),Flying,,45,1250000,N
143,Snorlax,160,110,65,65,110,30,540,Normal,,Immunity,Thick Fat,Gluttony,460.0 kG,42,10240,M (87.5%),Monster,,25,1250000,Friendship
144,Articuno,90,85,100,95,125,85,580,Ice,Flying,Pressure,,Snow Cloak,55.4 kG,49,NONE,None,Undiscovered,,3,1250000,N
145,Zapdos,90,90,85,125,90,100,580,Electric,Flying,Pressure,,Lightningrod,52.6 kG,142,NONE,None,Undiscovered,,3,1250000,N
146,Moltres,90,100,90,125,85,90,580,Fire,Flying,Pressure,,Flame Body,60.0 kG,64,NONE,None,Undiscovered,,3,1250000,N
147,Dratini,41,64,45,50,50,50,300,Dragon,,Shed Skin,,Marvel Scale,3.3 kG,165,10240,Neutral,Water 1,Dragon,45,1250000,
148,Dragonair,61,84,65,70,70,70,420,Dragon,,Shed Skin,,Marvel Scale,16.5 kG,56,,Neutral,Water 1,Dragon,45,1250000,Lv. 30
149,Dragonite,91,134,95,100,100,80,600,Dragon,Flying,Inner Focus,,Multiscale,210.0 kG,128,,Neutral,Water 1,Dragon,45,1250000,Lv. 55
150,Mewtwo,106,110,90,154,90,130,680,Psychic,,Pressure,,Unnerve,122.0 kG,225,NONE,None,Undiscovered,,3,1250000,N
151,Mew,100,100,100,100,100,100,600,Psychic,,Synchronize,,,4.0 kG,216,NONE,None,Undiscovered,,45,1059860,N
152,Chikorita,45,49,65,49,65,45,318,Grass,,Overgrow,,Leaf Guard,6.4 kG,88,5120,M (87.5%),Monster,Grass,45,1059860,
153,Bayleef,60,62,80,63,80,69,414,Grass,,Overgrow,,Leaf Guard,15.8 kG,185,,M (87.5%),Monster,Grass,45,1059860,Lv. 16
154,Meganium,80,82,100,83,100,80,525,Grass,,Overgrow,,Leaf Guard,100.5 kG,144,,M (87.5%),Monster,Grass,45,1059860,Lv. 32
155,Cyndaquil,39,52,43,60,50,65,309,Fire,,Blaze,,Flash Fire,7.9 kG,225,5120,M (87.5%),Field,,45,1059860,
156,Quilava,58,64,58,80,65,80,405,Fire,,Blaze,,Flash Fire,19.0 kG,50,,M (87.5%),Field,,45,1059860,Lv. 14
157,Typhlosion,78,84,78,109,85,100,534,Fire,,Blaze,,Flash Fire,79.5 kG,119,,M (87.5%),Field,,45,1059860,Lv. 36
158,Totodile,50,65,64,44,48,43,314,Water,,Torrent,,Sheer Force,9.5 kG,203,5120,M (87.5%),Monster,Water 1,45,1059860,
159,Croconaw,65,80,80,59,63,58,405,Water,,Torrent,,Sheer Force,25.0 kG,72,,M (87.5%),Monster,Water 1,45,1059860,Lv. 18
160,Feraligatr,85,105,100,79,83,78,530,Water,,Torrent,,Sheer Force,88.8 kG,36,,M (87.5%),Monster,Water 1,45,1059860,Lv. 30
161,Sentret,35,46,34,35,45,20,215,Normal,,Run Away,Keen Eye,Frisk,6.0 kG,149,3840,Neutral,Field,,255,1000000,
162,Furret,85,76,64,45,55,90,415,Normal,,Run Away,Keen Eye,Frisk,32.5 kG,78,,Neutral,Field,,90,1000000,Lv. 15
163,Hoothoot,60,30,30,36,56,50,262,Normal,Flying,Insomnia,Keen Eye,Tinted Lens,21.2 kG,42,3840,Neutral,Flying,,255,1000000,
164,Noctowl,100,50,50,76,96,70,442,Normal,Flying,Insomnia,Keen Eye,Tinted Lens,40.8 kG,151,,Neutral,Flying,,90,1000000,Lv. 20
165,Ledyba,40,20,30,40,80,55,265,Bug,Flying,Swarm,Early Bird,Rattled,10.8 kG,184,3840,Neutral,Bug,,255,800000,
166,Ledian,55,35,50,55,110,85,390,Bug,Flying,Swarm,Early Bird,Iron Fist,35.6 kG,184,,Neutral,Bug,,90,800000,Lv. 18
167,Spinarak,40,60,40,40,40,30,250,Bug,Poison,Swarm,Insomnia,Sniper,8.5 kG,81,3840,Neutral,Bug,,255,800000,
168,Ariados,70,90,70,60,60,40,390,Bug,Poison,Swarm,Insomnia,Sniper,33.5 kG,172,,Neutral,Bug,,90,800000,Lv. 22
169,Crobat,85,90,80,70,80,130,535,Poison,Flying,Inner Focus,,Infiltrator,75.0 kG,57,,Neutral,Flying,,90,1000000,Friendship
170,Chinchou,75,38,38,56,56,67,330,Water,Electric,Volt Absorb,Illuminate,Water Absorb,12.0 kG,87,5120,Neutral,Water 2,,190,1250000,
171,Lanturn,125,58,58,76,76,67,460,Water,Electric,Volt Absorb,Illuminate,Water Absorb,22.5 kG,118,,Neutral,Water 2,,75,1250000,Lv. 27
172,Pichu,20,40,15,35,35,60,205,Electric,,Static,,Lightningrod,2.0 kG,105,2560,Neutral,Undiscovered,,190,1000000,
173,Cleffa,50,25,28,45,55,15,218,Fairy,,Cute Charm,Magic Guard,Friend Guard,3.0 kG,213,2560,F (75%),Undiscovered,,150,800000,
174,Igglybuff,90,30,15,40,20,15,210,Normal,Fairy,Cute Charm,,Friend Guard,1.0 kG,49,2560,F (75%),Undiscovered,,170,800000,
175,Togepi,35,20,65,40,65,20,245,Fairy,,Hustle,Serene Grace,Super Luck,1.5 kG,142,2560,M (87.5%),Undiscovered,,190,800000,
176,Togetic,55,40,85,80,105,40,405,Fairy,Flying,Hustle,Serene Grace,Super Luck,3.2 kG,159,,M (87.5%),Flying,Fairy,75,800000,Friendship
177,Natu,40,50,45,70,45,70,320,Psychic,Flying,Synchronize,Early Bird,Magic Bounce,2.0 kG,163,5120,Neutral,Flying,,190,1000000,
178,Xatu,65,75,70,95,70,95,470,Psychic,Flying,Synchronize,Early Bird,Magic Bounce,15.0 kG,145,,Neutral,Flying,,75,1000000,Lv. 25
179,Mareep,55,40,40,65,45,35,280,Electric,,Static,,Plus,7.8 kG,86,5120,Neutral,Monster,Field,235,1059860,
180,Flaaffy,70,55,55,80,60,45,365,Electric,,Static,,Plus,13.3 kG,179,,Neutral,Monster,Field,120,1059860,Lv. 15
181,Ampharos,90,75,75,115,90,55,500,Electric,,Static,,Plus,61.5 kG,60,,Neutral,Monster,Field,45,1059860,Lv. 30
182,Bellossom,75,80,85,90,100,50,480,Grass,,Chlorophyll,,Healer,5.8 kG,53,,Neutral,Grass,,45,1059860,Sun Stone
183,Marill,70,20,50,20,50,40,250,Water,Fairy,Thick Fat,Huge Power,Sap Sipper,8.5 kG,86,2560,Neutral,Water 1,Fairy,190,800000,Friendship
184,Azumarill,100,50,80,50,80,50,410,Water,Fairy,Thick Fat,Huge Power,Sap Sipper,28.5 kG,175,,Neutral,Water 1,Fairy,75,800000,Lv. 18
185,Sudowoodo,70,100,115,30,65,30,410,Rock,,Sturdy,Rock Head,Rattled,38.0 kG,175,5120,Neutral,Mineral,,65,1000000,Level w/ Mimic
186,Politoed,90,75,75,90,100,70,500,Water,,Water Absorb,Damp,Drizzle,33.9 kG,227,,Neutral,Water 1,,45,1059860,Trade h/ Kings Rock
187,Hoppip,35,35,40,35,55,50,250,Grass,Flying,Chlorophyll,Leaf Guard,Infiltrator,0.5 kG,86,5120,Neutral,Fairy,Grass,255,1059860,
188,Skiploom,55,45,50,45,65,80,340,Grass,Flying,Chlorophyll,Leaf Guard,Infiltrator,1.0 kG,66,,Neutral,Fairy,Grass,120,1059860,Lv. 18
189,Jumpluff,75,55,70,55,85,110,450,Grass,Flying,Chlorophyll,Leaf Guard,Infiltrator,3.0 kG,175,,Neutral,Fairy,Grass,45,1059860,Lv. 27
190,Aipom,55,70,55,40,55,85,360,Normal,,Run Away,Pickup,Skill Link,11.5 kG,50,5120,Neutral,Field,,45,800000,
191,Sunkern,30,30,30,30,30,30,180,Grass,,Chlorophyll,Solar Power,Early Bird,1.8 kG,50,5120,Neutral,Grass,,235,1059860,
192,Sunflora,75,75,55,105,85,30,425,Grass,,Chlorophyll,Solar Power,Early Bird,8.5 kG,158,,Neutral,Grass,,120,1059860,Sun Stone
193,Yanma,65,65,45,75,45,95,390,Bug,Flying,Speed Boost,Compoundeyes,Frisk,38.0 kG,133,5120,Neutral,Bug,,75,1000000,
194,Wooper,55,45,45,25,25,15,210,Water,Ground,Damp,Water Absorb,Unaware,8.5 kG,168,5120,Neutral,Water 1,Field,255,1000000,
195,Quagsire,95,85,85,65,65,35,430,Water,Ground,Damp,Water Absorb,Unaware,75.0 kG,116,,Neutral,Water 1,Field,90,1000000,Lv. 20
196,Espeon,65,65,60,130,95,110,525,Psychic,,Synchronize,,Magic Bounce,26.5 kG,43,,M (87.5%),Field,,45,1000000,Morn/Day Friendship
197,Umbreon,95,65,110,60,130,65,525,Dark,,Synchronize,,Inner Focus,27.0 kG,145,,M (87.5%),Field,,45,1000000,Nite Friendship
198,Murkrow,60,85,42,85,42,91,405,Dark,Flying,Insomnia,Super Luck,Prankster,2.1 kG,163,5120,Neutral,Flying,,30,1059860,
199,Slowking,95,75,80,100,110,30,490,Water,Psychic,Oblivious,Own Tempo,Regenerator,79.5 kG,166,,Neutral,Monster,Water 1,70,1000000,Trade h/ Kings Rock
200,Misdreavus,60,60,60,85,85,85,435,Ghost,,Levitate,,,1.0 kG,66,6400,Neutral,Amorphous,,45,800000,
201,Unown,48,72,48,72,48,48,336,Psychic,,Levitate,,,5.0 kG,243,NONE,None,Undiscovered,,225,1000000,N
202,Wobbuffet,190,33,58,33,58,33,405,Psychic,,Shadow Tag,,Telepathy,28.5 kG,175,5120,Neutral,Amorphous,,45,1000000,Lv. 15
203,Girafarig,70,80,65,90,65,85,455,Normal,Psychic,Inner Focus,Early Bird,Sap Sipper,41.5 kG,180,5120,Neutral,Field,,60,1000000,N
204,Pineco,50,65,90,35,35,15,290,Bug,,Sturdy,,Overcoat,7.2 kG,163,5120,Neutral,Bug,,190,1000000,
205,Forretress,75,90,140,60,60,40,465,Bug,Steel,Sturdy,,Overcoat,125.8 kG,88,,Neutral,Bug,,75,1000000,Lv. 31
206,Dunsparce,100,70,70,65,65,45,415,Normal,,Serene Grace,Run Away,Rattled,14.0 kG,42,5120,Neutral,Field,,190,1000000,N
207,Gligar,65,75,105,35,65,85,430,Ground,Flying,Hyper Cutter,Sand Veil,Immunity,64.8 kG,159,5120,Neutral,Bug,,60,1059860,
208,Steelix,75,85,200,55,65,30,510,Steel,Ground,Rock Head,Sturdy,Sheer Force,400.0 kG,64,,Neutral,Mineral,,25,1000000,Trade h/ Metal Coat
209,Snubbull,60,80,50,40,40,30,300,Fairy,,Intimidate,Run Away,Rattled,7.8 kG,72,5120,F (75%),Field,Fairy,190,800000,
210,Granbull,90,120,75,60,60,45,450,Fairy,,Intimidate,Quick Feet,Rattled,48.7 kG,73,,F (75%),Field,Fairy,75,800000,Lv. 23
211,Qwilfish,65,95,75,55,55,85,430,Water,Poison,Poison Point,Swift Swim,Intimidate,3.9 kG,172,5120,Neutral,Water 2,,45,1000000,N
212,Scizor,70,130,100,55,80,65,500,Bug,Steel,Swarm,Technician,Light Metal,118.0 kG,180,,Neutral,Bug,,25,1000000,Trade h/ Metal Coat
213,Shuckle,20,10,230,10,230,5,505,Bug,Rock,Sturdy,Gluttony,Contrary,20.5 kG,608,5120,Neutral,Bug,,190,1059860,N
214,Heracross,80,125,75,40,95,85,500,Bug,Fighting,Swarm,Guts,Moxie,54.0 kG,261,6400,Neutral,Bug,,45,1250000,N
215,Sneasel,55,95,55,35,75,115,430,Dark,Ice,Inner Focus,Keen Eye,Pickpocket,28.0 kG,261,5120,Neutral,Field,,60,1059860,
216,Teddiursa,60,80,50,50,50,40,330,Normal,,Pickup,Quick Feet,Honey Gather,8.8 kG,60,5120,Neutral,Field,,120,1000000,
217,Ursaring,90,130,75,75,75,55,500,Normal,,Guts,Quick Feet,Unnerve,125.8 kG,144,,Neutral,Field,,60,1000000,Lv. 30
218,Slugma,40,40,40,70,40,20,250,Fire,,Magma Armor,Flame Body,Weak Armor,35.0 kG,270,5120,Neutral,Amorphous,,190,1000000,
219,Magcargo,50,50,120,80,80,30,410,Fire,Rock,Magma Armor,Flame Body,Weak Armor,55.0 kG,306,,Neutral,Amorphous,,75,1000000,Lv. 38
220,Swinub,50,50,40,30,30,50,250,Ice,Ground,Oblivious,Snow Cloak,Thick Fat,6.5 kG,306,5120,Neutral,Field,,225,1250000,
221,Piloswine,100,100,80,60,60,50,450,Ice,Ground,Oblivious,Snow Cloak,Thick Fat,55.8 kG,270,,Neutral,Field,,75,1250000,Lv. 33
222,Corsola,55,55,85,65,85,35,380,Water,Rock,Hustle,Natural Cure,Regenerator,5.0 kG,142,5120,F (75%),Water 1,Water 3,60,800000,N
223,Remoraid,35,65,35,65,35,65,300,Water,,Hustle,Sniper,Moody,12.0 kG,239,5120,Neutral,Water 1,Water 2,190,1000000,
224,Octillery,75,105,75,105,75,45,480,Water,,Suction Cups,Sniper,Moody,28.5 kG,62,,Neutral,Water 1,Water 2,75,1000000,Lv. 25
225,Delibird,45,55,45,65,45,75,330,Ice,Flying,Vital Spirit,Hustle,Insomnia,16.0 kG,142,5120,Neutral,Water 1,Field,45,800000,N
226,Mantine,65,40,70,80,140,70,465,Water,Flying,Swift Swim,Water Absorb,Water Veil,220.0 kG,62,6400,Neutral,Water 1,,25,1250000,Level t/ Remoraid
227,Skarmory,65,80,140,40,70,70,465,Steel,Flying,Keen Eye,Sturdy,Weak Armor,50.5 kG,142,6400,Neutral,Flying,,25,1250000,N
228,Houndour,45,60,30,80,50,65,330,Dark,Fire,Early Bird,Flash Fire,Unnerve,10.8 kG,241,5120,Neutral,Field,,120,1250000,
229,Houndoom,75,90,50,110,80,95,500,Dark,Fire,Early Bird,Flash Fire,Unnerve,35.0 kG,44,,Neutral,Field,,45,1250000,Lv. 24
230,Kingdra,75,95,95,95,95,85,540,Water,Dragon,Swift Swim,Sniper,Damp,152.0 kG,184,,Neutral,Water 1,Dragon,45,1000000,Trade h/ Dragon Scale
231,Phanpy,90,60,60,40,40,40,330,Ground,,Pickup,,Sand Veil,33.5 kG,147,5120,Neutral,Field,,120,1000000,
232,Donphan,90,120,120,60,60,50,500,Ground,,Sturdy,,Sand Veil,120.0 kG,48,,Neutral,Field,,60,1000000,Lv. 25
233,Porygon2,85,80,90,105,95,60,515,Normal,,Trace,Download,Analytic,32.5 kG,137,,None,Mineral,,45,1000000,Trade w/ Up-Grade
234,Stantler,73,95,62,85,65,85,465,Normal,,Intimidate,Frisk,Sap Sipper,71.2 kG,147,5120,Neutral,Field,,45,1250000,N
235,Smeargle,55,20,35,20,45,75,250,Normal,,Own Tempo,Technician,Moody,58.0 kG,39,5120,Neutral,Field,,45,800000,N
236,Tyrogue,35,35,35,35,35,35,210,Fighting,,Guts,Steadfast,Vital Spirit,21.0 kG,172,6400,M (100%),Undiscovered,,75,1000000,
237,Hitmontop,50,95,95,35,110,70,455,Fighting,,Intimidate,Technician,Steadfast,48.0 kG,64,,M (100%),Human-Like,,45,1000000,Lv. 20 (Atk=Def)
238,Smoochum,45,30,15,85,65,65,305,Ice,Psychic,Oblivious,Forewarn,Hydration,6.0 kG,189,6400,F (100%),Undiscovered,,45,1000000,
239,Elekid,45,63,37,65,55,95,360,Electric,,Static,,Vital Spirit,23.5 kG,261,6400,M (75%),Undiscovered,,45,1000000,
240,Magby,45,75,37,70,55,83,365,Fire,,Flame Body,,Vital Spirit,21.4 kG,147,6400,M (75%),Undiscovered,,45,1000000,
241,Miltank,95,80,105,40,70,100,490,Normal,,Thick Fat,Scrappy,Sap Sipper,75.5 kG,72,5120,F (100%),Field,,45,1250000,N
242,Blissey,255,10,10,75,135,55,540,Normal,,Natural Cure,Serene Grace,Healer,46.8 kG,172,,F (100%),Fairy,,30,800000,Friendship
243,Raikou,90,85,75,115,100,115,580,Electric,,Pressure,,Volt Absorb,178.0 kG,173,NONE,None,Undiscovered,,3,1250000,N
244,Entei,115,115,85,90,75,100,580,Fire,,Pressure,,Flash Fire,198.0 kG,41,NONE,None,Undiscovered,,3,1250000,N
245,Suicune,100,75,115,90,115,85,580,Water,,Pressure,,Water Absorb,187.0 kG,135,NONE,None,Undiscovered,,3,1250000,N
246,Larvitar,50,64,50,45,50,41,300,Rock,Ground,Guts,,Sand Veil,72.0 kG,44,10240,Neutral,Monster,,45,1250000,
247,Pupitar,70,84,70,65,70,51,410,Rock,Ground,Shed Skin,,,152.0 kG,119,,Neutral,Monster,,45,1250000,Lv. 30
248,Tyranitar,100,134,110,95,100,61,600,Rock,Dark,Sand Stream,,Unnerve,202.0 kG,216,,Neutral,Monster,,45,1250000,Lv. 55
249,Lugia,106,90,130,90,154,110,680,Psychic,Flying,Pressure,,Multiscale,216.0 kG,44,NONE,None,Undiscovered,,3,1250000,N
250,Ho-oh,106,130,90,110,154,90,680,Fire,Flying,Pressure,,Regenerator,199.0 kG,119,NONE,None,Undiscovered,,3,1250000,N
251,Celebi,100,100,100,100,100,100,600,Psychic,Grass,Natural Cure,,,5.0 kG,216,NONE,None,Undiscovered,,45,1059860,N
252,Treecko,40,45,35,65,55,70,310,Grass,,Overgrow,,Unburden,5.0 kG,54,5120,M (87.5%),Monster,Dragon,45,1059860,
253,Grovyle,50,65,45,85,65,95,405,Grass,,Overgrow,,Unburden,21.6 kG,151,,M (87.5%),Monster,Dragon,45,1059860,Lv. 16
254,Sceptile,70,85,65,105,85,120,530,Grass,,Overgrow,,Unburden,52.2 kG,54,,M (87.5%),Monster,Dragon,45,1059860,Lv. 36
255,Torchic,45,60,40,70,50,45,310,Fire,,Blaze,,Speed Boost,2.5 kG,151,5120,M (87.5%),Field,,45,1059860,
256,Combusken,60,85,60,85,60,55,405,Fire,Fighting,Blaze,,Speed Boost,19.5 kG,40,,M (87.5%),Field,,45,1059860,Lv. 16
257,Blaziken,80,120,70,110,70,80,530,Fire,Fighting,Blaze,,Speed Boost,52.0 kG,97,,M (87.5%),Field,,45,1059860,Lv. 36
258,Mudkip,50,70,50,50,50,40,310,Water,,Torrent,,Damp,7.6 kG,233,5120,M (87.5%),Monster,Water 1,45,1059860,
259,Marshtomp,70,85,70,60,70,50,405,Water,Ground,Torrent,,Damp,28.0 kG,54,,M (87.5%),Monster,Water 1,45,1059860,Lv. 16
260,Swampert,100,110,90,85,90,60,535,Water,Ground,Torrent,,Damp,81.9 kG,145,,M (87.5%),Monster,Water 1,45,1059860,Lv. 36
261,Poochyena,35,55,35,30,30,35,220,Dark,,Run Away,Quick Feet,Rattled,13.6 kG,59,3840,Neutral,Field,,255,1000000,
262,Mightyena,70,90,70,60,60,70,420,Dark,,Intimidate,Quick Feet,Moxie,37.0 kG,161,,Neutral,Field,,127,1000000,Lv. 18
263,Zigzagoon,38,30,41,30,41,60,240,Normal,,Pickup,Gluttony,Quick Feet,17.5 kG,56,3840,Neutral,Field,,255,1000000,
264,Linoone,78,70,61,50,61,100,420,Normal,,Pickup,Gluttony,Quick Feet,32.5 kG,154,,Neutral,Field,,90,1000000,Lv. 20
265,Wurmple,45,45,35,20,30,20,195,Bug,,Shield Dust,,Run Away,3.6 kG,252,3840,Neutral,Bug,,255,1000000,
266,Silcoon,50,35,55,25,25,15,205,Bug,,Shed Skin,,,10.0 kG,53,,Neutral,Bug,,120,1000000,Lv. 7
267,Beautifly,60,70,50,90,50,65,385,Bug,Flying,Swarm,,Rivalry,28.4 kG,160,,Neutral,Bug,,45,1000000,Lv. 10
268,Cascoon,50,35,55,25,25,15,205,Bug,,Shed Skin,,,11.5 kG,83,,Neutral,Bug,,120,1000000,Lv. 7
269,Dustox,60,50,70,50,90,65,385,Bug,Poison,Shield Dust,,Compoundeyes,31.6 kG,48,,Neutral,Bug,,45,1000000,Lv. 10
270,Lotad,40,30,30,40,50,30,220,Water,Grass,Swift Swim,Rain Dish,Own Tempo,2.6 kG,126,3840,Neutral,Water 1,Grass,255,1059860,
271,Lombre,60,50,50,60,70,50,340,Water,Grass,Swift Swim,Rain Dish,Own Tempo,32.5 kG,216,,Neutral,Water 1,Grass,120,1059860,Lv. 14
272,Ludicolo,80,70,70,90,100,70,480,Water,Grass,Swift Swim,Rain Dish,Own Tempo,55.0 kG,47,,Neutral,Water 1,Grass,45,1059860,Water Stone
273,Seedot,40,40,50,30,30,30,220,Grass,,Chlorophyll,Early Bird,Pickpocket,4.0 kG,166,3840,Neutral,Field,Grass,255,1059860,
274,Nuzleaf,70,70,40,60,40,60,340,Grass,Dark,Chlorophyll,Early Bird,Pickpocket,28.0 kG,38,,Neutral,Field,Grass,120,1059860,Lv. 14
275,Shiftry,90,100,60,90,60,80,480,Grass,Dark,Chlorophyll,Early Bird,Pickpocket,59.6 kG,75,,Neutral,Field,Grass,45,1059860,Leaf Stone
276,Taillow,40,55,30,30,30,85,270,Normal,Flying,Guts,,Scrappy,2.3 kG,52,3840,Neutral,Flying,,200,1059860,
277,Swellow,60,85,60,50,50,125,430,Normal,Flying,Guts,,Scrappy,19.8 kG,133,,Neutral,Flying,,45,1059860,Lv. 22
278,Wingull,40,30,30,55,30,85,270,Water,Flying,Keen Eye,,Rain Dish,9.5 kG,133,5120,Neutral,Water 1,Flying,190,1000000,
279,Pelipper,60,50,100,85,70,65,430,Water,Flying,Keen Eye,,Rain Dish,28.0 kG,133,,Neutral,Water 1,Flying,45,1000000,Lv. 25
280,Ralts,28,25,25,45,35,40,198,Psychic,Fairy,Synchronize,Trace,Telepathy,6.6 kG,66,5120,Neutral,Amorphous,,235,1250000,
281,Kirlia,38,35,35,65,55,50,278,Psychic,Fairy,Synchronize,Trace,Telepathy,20.2 kG,151,,Neutral,Amorphous,,120,1250000,Lv. 20
282,Gardevoir,68,65,65,125,115,80,518,Psychic,Fairy,Synchronize,Trace,Telepathy,48.4 kG,239,,Neutral,Amorphous,,45,1250000,Lv. 30
283,Surskit,40,30,32,50,52,65,269,Bug,Water,Swift Swim,,Rain Dish,1.7 kG,144,3840,Neutral,Water 1,Bug,200,1000000,
284,Masquerain,70,60,62,80,82,60,414,Bug,Flying,Intimidate,,Unnerve,3.6 kG,59,,Neutral,Water 1,Bug,75,1000000,Lv. 22
285,Shroomish,60,40,60,40,60,35,295,Grass,,Effect Spore,Poison Heal,Quick Feet,4.5 kG,166,3840,Neutral,Fairy,Grass,255,1640000,
286,Breloom,60,130,80,60,60,70,460,Grass,Fighting,Effect Spore,Poison Heal,Technician,39.2 kG,142,,Neutral,Fairy,Grass,90,1640000,Lv. 23
287,Slakoth,60,60,60,35,35,30,280,Normal,,Truant,,,24.0 kG,142,3840,Neutral,Field,,255,1250000,
288,Vigoroth,80,80,80,55,55,90,440,Normal,,Vital Spirit,,,46.5 kG,140,,Neutral,Field,,120,1250000,Lv. 18
289,Slaking,150,160,100,95,65,100,670,Normal,,Truant,,,130.5 kG,140,,Neutral,Field,,45,1250000,Lv. 36
290,Nincada,31,45,90,30,30,40,266,Bug,Ground,Compoundeyes,,Run Away,5.5 kG,140,3840,Neutral,Bug,,255,600000,
291,Ninjask,61,90,45,50,50,160,456,Bug,Flying,Speed Boost,,Infiltrator,12.0 kG,60,,Neutral,Bug,,120,600000,Lv. 20
292,Shedinja,1,90,45,30,30,40,236,Bug,Ghost,Wonder Guard,,,1.2 kG,163,,None,Mineral,,45,600000,Lv. 20 t/ Empty Space
293,Whismur,64,51,23,51,23,28,240,Normal,,Soundproof,,Rattled,16.3 kG,61,5120,Neutral,Monster,Field,190,1059860,
294,Loudred,84,71,43,71,43,48,360,Normal,,Soundproof,,Scrappy,40.5 kG,161,,Neutral,Monster,Field,120,1059860,Lv. 20
295,Exploud,104,91,63,91,63,68,480,Normal,,Soundproof,,Scrappy,84.0 kG,80,,Neutral,Monster,Field,45,1059860,Lv. 40
296,Makuhita,72,60,30,20,30,25,237,Fighting,,Thick Fat,Guts,Sheer Force,86.4 kG,175,5120,M (75%),Human-Like,,180,1640000,
297,Hariyama,144,120,60,40,60,50,474,Fighting,,Thick Fat,Guts,Sheer Force,253.8 kG,61,,M (75%),Human-Like,,200,1640000,Lv. 24
298,Azurill,50,20,40,20,40,20,190,Normal,Fairy,Thick Fat,Huge Power,Sap Sipper,2.0 kG,158,2560,M (75%),Undiscovered,,150,800000,
299,Nosepass,30,45,135,45,90,30,375,Rock,,Sturdy,Magnet Pull,Sand Force,97.0 kG,161,5120,Neutral,Mineral,,255,1000000,
300,Skitty,50,45,45,35,35,50,260,Normal,,Cute Charm,Normalize,Wonder Skin,11.0 kG,66,3840,F (75%),Field,Fairy,255,800000,
301,Delcatty,70,65,65,55,55,70,380,Normal,,Cute Charm,Normalize,Wonder Skin,32.6 kG,165,,F (75%),Field,Fairy,60,800000,Moon Stone
302,Sableye,50,75,75,65,65,50,380,Dark,Ghost,Keen Eye,Stall,Prankster,11.0 kG,126,6400,Neutral,Human-Like,,45,1059860,N
303,Mawile,50,85,85,55,55,50,380,Steel,Fairy,Hyper Cutter,Intimidate,Sheer Force,11.5 kG,58,5120,Neutral,Field,Fairy,45,800000,N
304,Aron,50,70,100,40,40,30,330,Steel,Rock,Sturdy,Rock Head,Heavy Metal,60.0 kG,119,8960,Neutral,Monster,,180,1250000,
305,Lairon,60,90,140,50,50,40,430,Steel,Rock,Sturdy,Rock Head,Heavy Metal,120.0 kG,234,,Neutral,Monster,,90,1250000,Lv. 32
306,Aggron,70,110,180,60,60,50,530,Steel,Rock,Sturdy,Rock Head,Heavy Metal,360.0 kG,67,,Neutral,Monster,,45,1250000,Lv. 42
307,Meditite,30,40,55,40,55,60,280,Fighting,Psychic,Pure Power,,Telepathy,11.2 kG,166,5120,Neutral,Human-Like,,180,1000000,
308,Medicham,60,60,75,60,75,80,410,Fighting,Psychic,Pure Power,,Telepathy,31.5 kG,62,,Neutral,Human-Like,,90,1000000,Lv. 37
309,Electrike,40,45,40,65,40,65,295,Electric,,Static,Lightningrod,Minus,15.2 kG,172,5120,Neutral,Field,,120,1250000,
310,Manectric,70,75,60,105,60,105,475,Electric,,Static,Lightningrod,Minus,40.2 kG,160,,Neutral,Field,,45,1250000,Lv. 26
311,Plusle,60,50,40,85,75,95,405,Electric,,Plus,,,4.2 kG,160,5120,Neutral,Fairy,,200,1000000,N
312,Minun,60,40,50,75,85,95,405,Electric,,Minus,,,4.2 kG,154,5120,Neutral,Fairy,,200,1000000,N
313,Volbeat,65,73,55,47,75,85,400,Bug,,Illuminate,Swarm,Prankster,17.7 kG,154,3840,M (100%),Bug,Human-Like,150,600000,N
314,Illumise,65,47,55,73,75,85,400,Bug,,Oblivious,Tinted Lens,Prankster,17.7 kG,58,3840,F (100%),Bug,Human-Like,150,1640000,N
315,Roselia,50,60,45,100,80,65,400,Grass,Poison,Natural Cure,Poison Point,Leaf Guard,2.0 kG,62,5120,Neutral,Fairy,Grass,150,1059860,Morn/Day Friendship
316,Gulpin,70,43,53,43,53,40,302,Poison,,Liquid Ooze,Sticky Hold,Gluttony,10.3 kG,60,5120,Neutral,Amorphous,,225,1640000,
317,Swalot,100,73,83,73,83,55,467,Poison,,Liquid Ooze,Sticky Hold,Gluttony,80.0 kG,175,,Neutral,Amorphous,,75,1640000,Lv. 26
318,Carvanha,45,90,20,65,20,65,305,Water,Dark,Rough Skin,,Speed Boost,20.8 kG,71,5120,Neutral,Water 2,,225,1250000,
319,Sharpedo,70,120,40,95,40,95,460,Water,Dark,Rough Skin,,Speed Boost,88.8 kG,173,,Neutral,Water 2,,60,1250000,Lv. 30
320,Wailmer,130,70,35,70,35,60,400,Water,,Water Veil,Oblivious,Pressure,130.0 kG,71,10240,Neutral,Field,Water 2,125,1640000,
321,Wailord,170,90,45,90,45,60,500,Water,,Water Veil,Oblivious,Pressure,398.0 kG,173,,Neutral,Field,Water 2,60,1640000,Lv. 40
322,Numel,60,60,40,65,45,35,305,Fire,Ground,Oblivious,Simple,Own Tempo,24.0 kG,40,5120,Neutral,Field,,255,1000000,
323,Camerupt,70,100,70,105,75,40,460,Fire,Ground,Magma Armor,Solid Rock,Anger Point,220.0 kG,189,,Neutral,Field,,150,1000000,Lv. 33
324,Torkoal,70,85,140,85,70,20,470,Fire,,White Smoke,,Shell Armor,80.4 kG,147,5120,Neutral,Field,,90,1000000,N
325,Spoink,60,25,35,70,80,60,330,Psychic,,Thick Fat,Own Tempo,Gluttony,30.6 kG,154,5120,Neutral,Field,,255,800000,
326,Grumpig,80,45,65,90,110,80,470,Psychic,,Thick Fat,Own Tempo,Gluttony,71.5 kG,59,,Neutral,Field,,60,800000,Lv. 32
327,Spinda,60,60,60,60,60,60,360,Normal,,Own Tempo,Tangled Feet,Contrary,5.0 kG,159,3840,Neutral,Field,Human-Like,255,800000,N
328,Trapinch,45,100,45,45,45,10,290,Ground,,Hyper Cutter,Arena Trap,Sheer Force,15.0 kG,59,5120,Neutral,Bug,,255,1059860,
329,Vibrava,50,70,50,50,50,70,340,Ground,Dragon,Levitate,,,15.3 kG,159,,Neutral,Bug,,120,1059860,Lv. 35
330,Flygon,80,100,80,80,80,100,520,Ground,Dragon,Levitate,,,82.0 kG,161,,Neutral,Bug,,45,1059860,Lv. 45
331,Cacnea,50,85,40,85,40,35,335,Grass,,Sand Veil,,Water Absorb,51.3 kG,149,5120,Neutral,Grass,Human-Like,190,1059860,
332,Cacturne,70,115,60,115,60,55,475,Grass,Dark,Sand Veil,,Water Absorb,77.4 kG,163,,Neutral,Grass,Human-Like,60,1059860,Lv. 32
333,Swablu,45,40,60,40,75,50,310,Normal,Flying,Natural Cure,,Cloud Nine,1.2 kG,52,5120,Neutral,Flying,Dragon,255,600000,
334,Altaria,75,70,90,70,105,80,490,Dragon,Flying,Natural Cure,,Cloud Nine,20.6 kG,60,,Neutral,Flying,Dragon,45,600000,Lv. 35
335,Zangoose,73,115,60,60,60,90,458,Normal,,Immunity,,Poison Rampage,40.3 kG,168,5120,Neutral,Field,,90,600000,N
336,Seviper,73,100,60,100,60,65,458,Poison,,Shed Skin,,Infiltrator,52.5 kG,58,5120,Neutral,Field,Dragon,90,1640000,N
337,Lunatone,70,55,65,95,85,70,440,Rock,Psychic,Levitate,,,168.0 kG,144,6400,None,Mineral,,45,800000,N
338,Solrock,70,95,85,55,65,70,440,Rock,Psychic,Levitate,,,154.0 kG,239,6400,None,Mineral,,45,800000,N
339,Barboach,50,48,43,46,41,60,288,Water,Ground,Oblivious,Anticipate,Hydration,1.9 kG,69,5120,Neutral,Water 2,,190,1000000,
340,Whiscash,110,78,73,76,71,60,468,Water,Ground,Oblivious,Anticipate,Hydration,23.6 kG,170,,Neutral,Water 2,,75,1000000,Lv. 30
341,Corphish,43,80,65,50,35,35,308,Water,,Hyper Cutter,Shell Armor,Adaptability,11.5 kG,170,3840,Neutral,Water 1,Water 3,205,1640000,
342,Crawdaunt,63,120,85,90,55,55,468,Water,Dark,Hyper Cutter,Shell Armor,Adaptability,32.8 kG,170,,Neutral,Water 1,Water 3,155,1640000,Lv. 30
343,Baltoy,40,40,55,40,70,55,300,Ground,Psychic,Levitate,,,21.5 kG,116,5120,None,Mineral,,255,1000000,
344,Claydol,60,70,105,70,120,75,500,Ground,Psychic,Levitate,,,108.0 kG,60,,None,Mineral,,90,1000000,Lv. 36
345,Lileep,66,41,77,61,87,23,355,Rock,Grass,Suction Cups,,Storm Drain,23.8 kG,147,7680,M (87.5%),Water 3,,45,600000,
346,Cradily,86,81,97,81,107,43,495,Rock,Grass,Suction Cups,,Storm Drain,60.4 kG,270,,M (87.5%),Water 3,,45,600000,Lv. 40
347,Anorith,45,95,50,40,50,75,355,Rock,Bug,Battle Armor,,Swift Swim,12.5 kG,60,7680,M (87.5%),Water 3,,45,600000,
348,Armaldo,75,125,100,70,80,45,495,Rock,Bug,Battle Armor,,Swift Swim,68.2 kG,147,,M (87.5%),Water 3,,45,600000,Lv. 40
349,Feebas,20,15,20,10,55,80,200,Water,,Swift Swim,,Adaptability,7.4 kG,270,5120,Neutral,Water 1,Dragon,255,600000,
350,Milotic,95,60,79,100,125,81,540,Water,,Marvel Scale,,Cute Charm,162.0 kG,261,,Neutral,Water 1,Dragon,60,600000,Level w/ Max Beauty
351,Castform,70,70,70,70,70,70,420,Normal,,Forecast,,,0.8 kG,261,6400,Neutral,Fairy,Amorphous,45,1000000,N
352,Kecleon,60,90,70,60,120,40,440,Normal,,Color Change,,,22.0 kG,261,5120,Neutral,Field,,200,1059860,N
353,Shuppet,44,75,35,63,33,45,295,Ghost,,Insomnia,Frisk,Cursed Body,2.3 kG,270,6400,Neutral,Amorphous,,225,800000,
354,Banette,64,115,65,83,63,65,455,Ghost,,Insomnia,Frisk,Cursed Body,12.5 kG,270,,Neutral,Amorphous,,45,800000,Lv. 37
355,Duskull,20,40,90,30,90,25,295,Ghost,,Levitate,,,15.0 kG,302,6400,Neutral,Amorphous,,190,800000,
356,Dusclops,40,70,130,60,130,25,455,Ghost,,Pressure,,,30.6 kG,302,,Neutral,Amorphous,,90,800000,Lv. 37
357,Tropius,99,68,83,72,87,51,460,Grass,Flying,Chlorophyll,Solar Power,Harvest,100.0 kG,270,6400,Neutral,Monster,Grass,200,1250000,N
358,Chimecho,65,50,70,95,80,65,425,Psychic,,Levitate,,,1.0 kG,64,6400,Neutral,Amorphous,,45,800000,Nite Friendship
359,Absol,65,130,60,75,60,75,465,Dark,,Pressure,Super Luck,Justified,47.0 kG,142,6400,Neutral,Field,,30,1059860,N
360,Wynaut,95,23,48,23,48,23,260,Psychic,,Shadow Tag,,Telepathy,14.0 kG,66,5120,Neutral,Undiscovered,,125,1000000,
361,Snorunt,50,50,50,50,50,50,300,Ice,,Inner Focus,Ice Body,Moody,16.8 kG,236,5120,Neutral,Fairy,Mineral,190,1000000,
362,Glalie,80,80,80,80,80,80,480,Ice,,Inner Focus,Ice Body,Moody,256.5 kG,62,,Neutral,Fairy,Mineral,75,1000000,Lv. 42
363,Spheal,70,40,50,55,50,25,290,Ice,Water,Thick Fat,Ice Body,Oblivious,39.5 kG,240,5120,Neutral,Water 1,Field,255,1059860,
364,Sealeo,90,60,70,75,70,45,410,Ice,Water,Thick Fat,Ice Body,Oblivious,87.6 kG,63,,Neutral,Water 1,Field,120,1059860,Lv. 32
365,Walrein,110,80,90,95,90,65,530,Ice,Water,Thick Fat,Ice Body,Oblivious,150.6 kG,142,,Neutral,Water 1,Field,45,1059860,Lv. 44
366,Clamperl,35,64,85,74,55,32,345,Water,,Shell Armor,,Rattled,52.5 kG,239,5120,Neutral,Water 1,,255,600000,
367,Huntail,55,104,105,94,75,52,485,Water,,Swift Swim,,Water Veil,27.0 kG,49,,Neutral,Water 1,,60,600000,Trade w/ Deepseatooth
368,Gorebyss,55,84,105,114,75,52,485,Water,,Swift Swim,,Hydration,22.6 kG,119,,Neutral,Water 1,,60,600000,Trade w/ Deepseascale
369,Relicanth,100,90,130,45,65,55,485,Water,Rock,Swift Swim,Rock Head,Sturdy,23.4 kG,214,10240,M (87.5%),Water 1,Water 2,25,1250000,N
370,Luvdisc,43,30,55,40,65,97,330,Water,,Swift Swim,,Hydration,8.7 kG,50,5120,F (75%),Water 2,,225,800000,N
371,Bagon,45,75,60,40,30,50,300,Dragon,,Rock Head,,Sheer Force,42.1 kG,144,10240,Neutral,Dragon,,45,1250000,
372,Shelgon,65,95,100,60,50,50,420,Dragon,,Rock Head,,Overcoat,110.5 kG,39,,Neutral,Dragon,,45,1250000,Lv. 30
373,Salamence,95,135,80,110,80,100,600,Dragon,Flying,Intimidate,,Moxie,102.6 kG,134,,Neutral,Dragon,,45,1250000,Lv. 50
374,Beldum,40,55,80,35,60,30,300,Steel,Psychic,Clear Body,,Light Metal,95.2 kG,53,10240,None,Mineral,,3,1250000,
375,Metang,60,75,100,55,80,50,420,Steel,Psychic,Clear Body,,Light Metal,202.5 kG,127,,None,Mineral,,3,1250000,Lv. 20
376,Metagross,80,135,130,95,90,70,600,Steel,Psychic,Clear Body,,Light Metal,550.0 kG,235,,None,Mineral,,3,1250000,Lv. 45
377,Regirock,80,100,200,50,100,50,580,Rock,,Clear Body,,Sturdy,230.0 kG,56,NONE,None,Undiscovered,,3,1250000,N
378,Regice,80,50,100,100,200,50,580,Ice,,Clear Body,,Ice Body,175.0 kG,227,NONE,None,Undiscovered,,3,1250000,N
379,Registeel,80,75,150,75,150,50,580,Steel,,Clear Body,,Light Metal,205.0 kG,70,NONE,None,Undiscovered,,3,1250000,N
380,Latias,80,80,90,110,130,110,600,Dragon,Psychic,Levitate,,,40.0 kG,173,NONE,F (100%),Undiscovered,,3,1250000,N
381,Latios,80,90,80,130,110,110,600,Dragon,Psychic,Levitate,,,60.0 kG,70,NONE,M (100%),Undiscovered,,3,1250000,N
382,Kyogre,100,100,90,150,140,90,670,Water,,Drizzle,,,352.0 kG,173,NONE,None,Undiscovered,,5,1250000,N
383,Groudon,100,150,140,100,90,90,670,Ground,,Drought,,,950.0 kG,45,NONE,None,Undiscovered,,5,1250000,N
384,Rayquaza,105,150,90,150,90,95,680,Dragon,Flying,Air Lock,,,206.5 kG,148,NONE,None,Undiscovered,,3,1250000,N
385,Jirachi,100,100,100,100,100,100,600,Steel,Psychic,Serene Grace,,,1.1 kG,148,NONE,None,Undiscovered,,3,1250000,N
386,Deoxys (N),50,150,50,150,50,150,600,Psychic,,Pressure,,,60.8 kG,49,NONE,None,Undiscovered,,3,1250000,N
386.1,Deoxys (A),50,180,20,180,20,150,600,Psychic,,Pressure,,,60.8 kG,,NONE,None,Undiscovered,,3,1250000,N
386.2,Deoxys (D),50,70,160,70,160,90,600,Psychic,,Pressure,,,60.8 kG,,NONE,None,Undiscovered,,3,1250000,N
386.3,Deoxys (S),50,95,90,95,90,180,600,Psychic,,Pressure,,,60.8 kG,,NONE,None,Undiscovered,,3,1250000,N
387,Turtwig,55,68,64,45,55,31,318,Grass,,Overgrow,,Shell Armor,10.2 kG,166,5120,M (87.5%),Monster,Grass,45,1059860,
388,Grotle,75,89,85,55,65,36,405,Grass,,Overgrow,,Shell Armor,97.0 kG,142,,M (87.5%),Monster,Grass,45,1059860,Lv. 18
389,Torterra,95,109,105,75,85,56,525,Grass,Ground,Overgrow,,Shell Armor,310.0 kG,66,,M (87.5%),Monster,Grass,45,1059860,Lv. 32
390,Chimchar,44,58,44,58,44,61,309,Fire,,Blaze,,Iron Fist,6.2 kG,173,5120,M (87.5%),Field,Human-Like,45,1059860,
391,Monferno,64,78,52,78,52,81,405,Fire,Fighting,Blaze,,Iron Fist,22.0 kG,55,,M (87.5%),Field,Human-Like,45,1059860,Lv. 14
392,Infernape,76,104,71,104,71,108,534,Fire,Fighting,Blaze,,Iron Fist,55.0 kG,158,,M (87.5%),Field,Human-Like,45,1059860,Lv. 36
393,Piplup,53,51,53,61,56,40,314,Water,,Torrent,,Defiant,5.2 kG,65,5120,M (87.5%),Water 1,Field,45,1059860,
394,Prinplup,64,66,68,81,76,50,405,Water,,Torrent,,Defiant,23.0 kG,166,,M (87.5%),Water 1,Field,45,1059860,Lv. 16
395,Empoleon,84,86,88,111,101,60,530,Water,Steel,Torrent,,Defiant,84.5 kG,169,,M (87.5%),Water 1,Field,45,1059860,Lv. 36
396,Starly,40,55,30,30,30,60,245,Normal,Flying,Keen Eye,,,2.0 kG,70,3840,Neutral,Flying,,255,1059860,
397,Staravia,55,75,50,40,40,80,340,Normal,Flying,Intimidate,,Reckless,15.5 kG,174,,Neutral,Flying,,120,1059860,Lv. 14
398,Staraptor,85,120,70,50,50,100,475,Normal,Flying,Intimidate,,Reckless,24.9 kG,70,,Neutral,Flying,,45,1059860,Lv. 34
399,Bidoof,59,45,40,35,40,31,250,Normal,,Simple,Unaware,Moody,20.0 kG,168,3840,Neutral,Water 1,Field,255,1000000,
400,Bibarel,79,85,60,60,71,55,410,Normal,Water,Simple,Unaware,Moody,31.5 kG,173,,Neutral,Water 1,Field,127,1000000,Lv. 15
401,Kricketot,37,25,41,25,41,25,194,Bug,,Shed Skin,,Run Away,2.2 kG,177,3840,Neutral,Bug,,255,1059860,
402,Kricketune,77,85,51,55,51,65,384,Bug,,Swarm,,Technician,25.5 kG,62,,Neutral,Bug,,45,1059860,Lv. 10
403,Shinx,45,65,34,40,34,45,263,Electric,,Rivalry,Intimidate,Guts,9.5 kG,158,5120,Neutral,Field,,235,1059860,
404,Luxio,60,85,49,60,49,60,363,Electric,,Rivalry,Intimidate,Guts,30.5 kG,57,,Neutral,Field,,120,1059860,Lv. 15
405,Luxray,80,120,79,95,79,70,523,Electric,,Rivalry,Intimidate,Guts,42.0 kG,66,,Neutral,Field,,45,1059860,Lv. 30
406,Budew,40,30,35,50,70,55,280,Grass,Poison,Natural Cure,Poison Point,Leaf Guard,1.2 kG,164,5120,Neutral,Undiscovered,,255,1059860,
407,Roserade,60,70,55,125,105,90,505,Grass,Poison,Natural Cure,Poison Point,Technician,14.5 kG,164,,Neutral,Fairy,Grass,75,1059860,Shiny Stone
408,Cranidos,67,125,40,30,30,58,350,Rock,,Mold Breaker,,Sheer Force,31.5 kG,168,7680,M (87.5%),Monster,,45,600000,
409,Rampardos,97,165,60,65,50,58,495,Rock,,Mold Breaker,,Sheer Force,102.5 kG,60,,M (87.5%),Monster,,45,600000,Lv. 30
410,Shieldon,30,42,118,42,88,30,350,Rock,Steel,Sturdy,,Soundproof,57.0 kG,175,7680,M (87.5%),Monster,,45,600000,
411,Bastiodon,60,52,168,47,138,30,495,Rock,Steel,Sturdy,,Soundproof,149.5 kG,58,,M (87.5%),Monster,,45,600000,Lv. 30
412,Burmy,40,29,45,29,45,36,224,Bug,,Shed Skin,,Overcoat,3.4 kG,62,3840,Neutral,Bug,,120,1000000,
413,Wormadam (P),60,59,85,79,105,36,424,Bug,Grass,Anticipate,,Overcoat,6.5 kG,110,,F (100%),Bug,,45,1000000,Lv. 20F Plant Cloak
413.1,Wormadam (S),60,79,105,59,85,36,424,Bug,Ground,Anticipate,,Overcoat,6.5 kG,,,F (100%),Bug,,45,1000000,Lv. 20F Sand Cloak
413.2,Wormadam (T),60,69,95,69,95,36,424,Bug,Steel,Anticipate,,Overcoat,6.5 kG,,,F (100%),Bug,,45,1000000,Lv. 20F Trash Cloak
414,Mothim,70,94,50,94,50,66,424,Bug,Flying,Swarm,,Tinted Lens,23.3 kG,144,,M (100%),Bug,,45,1000000,Lv. 20M
415,Combee,30,30,42,30,42,70,244,Bug,Flying,Honey Gather,,Hustle,5.5 kG,170,3840,M (87.5%),Bug,,120,1059860,
416,Vespiquen,70,80,102,80,102,40,474,Bug,Flying,Pressure,,Unnerve,38.5 kG,60,,F (100%),Bug,,45,1059860,Lv. 21F
417,Pachirisu,60,45,70,45,90,95,405,Electric,,Run Away,Pickup,Volt Absorb,3.9 kG,144,2560,Neutral,Field,Fairy,200,1000000,N
418,Buizel,55,65,35,60,30,85,330,Water,,Swift Swim,,Water Veil,29.5 kG,270,5120,Neutral,Water 1,Field,190,1000000,
419,Floatzel,85,105,55,85,50,115,495,Water,,Swift Swim,,Water Veil,33.5 kG,78,,Neutral,Water 1,Field,75,1000000,Lv. 26
420,Cherubi,45,35,45,62,53,35,275,Grass,,Chlorophyll,,,3.3 kG,57,5120,Neutral,Fairy,Grass,190,1000000,
421,Cherrim,70,60,70,87,78,85,450,Grass,,Flower Gift,,,9.3 kG,184,,Neutral,Fairy,Grass,75,1000000,Lv. 25
422,Shellos,76,48,48,57,62,34,325,Water,,Sticky Hold,Storm Drain,Sand Force,6.3 kG,66,5120,Neutral,Water 1,Amorphous,190,1000000,
423,Gastrodon,111,83,68,92,82,39,475,Water,Ground,Sticky Hold,Storm Drain,Sand Force,29.9 kG,184,,Neutral,Water 1,Amorphous,75,1000000,Lv. 30
424,Ambipom,75,100,66,60,66,115,482,Normal,,Technician,Pickup,Skill Link,20.3 kG,144,,Neutral,Field,,45,800000,Level w/ Double Hit
425,Drifloon,90,50,34,60,44,70,348,Ghost,Flying,Aftermath,Unburden,Flare Boost,1.2 kG,66,7680,Neutral,Amorphous,,125,1640000,
426,Drifblim,150,80,44,90,54,80,498,Ghost,Flying,Aftermath,Unburden,Flare Boost,15.0 kG,175,,Neutral,Amorphous,,60,1640000,Lv. 28
427,Buneary,55,66,44,44,56,85,350,Normal,,Run Away,Klutz,Limber,5.5 kG,60,5120,Neutral,Field,Human-Like,190,1000000,
428,Lopunny,65,76,84,54,96,105,480,Normal,,Cute Charm,Klutz,Limber,33.3 kG,172,,Neutral,Field,Human-Like,60,1000000,Friendship
429,Mismagius,60,60,60,105,105,105,495,Ghost,,Levitate,,,4.4 kG,175,,Neutral,Amorphous,,45,800000,Dusk Stone
430,Honchkrow,100,125,52,105,52,71,505,Dark,Flying,Insomnia,Super Luck,Moxie,27.3 kG,163,,Neutral,Flying,,30,1059860,Dusk Stone
431,Glameow,49,55,42,42,37,85,310,Normal,,Limber,Own Tempo,Keen Eye,3.9 kG,159,5120,F (75%),Field,,190,800000,
432,Purugly,71,82,64,64,59,112,452,Normal,,Thick Fat,Own Tempo,Defiant,43.8 kG,66,,F (75%),Field,,75,800000,Lv. 38
433,Chingling,45,30,50,65,50,45,285,Psychic,,Levitate,,,0.6 kG,270,6400,Neutral,Undiscovered,,120,800000,
434,Stunky,63,63,47,41,41,74,329,Poison,Dark,Stench,Aftermath,Keen Eye,19.2 kG,161,5120,Neutral,Field,,225,1000000,
435,Skuntank,103,93,67,71,61,84,479,Poison,Dark,Stench,Aftermath,Keen Eye,38.0 kG,69,,Neutral,Field,,60,1000000,Lv. 34
436,Bronzor,57,24,86,24,86,23,300,Steel,Psychic,Levitate,Heatproof,Heavy Metal,60.5 kG,67,5120,None,Mineral,,255,1000000,
437,Bronzong,67,89,116,79,116,33,500,Steel,Psychic,Levitate,Heatproof,Heavy Metal,187.0 kG,173,,None,Mineral,,90,1000000,Lv. 33
438,Bonsly,50,80,95,10,45,10,290,Rock,,Sturdy,Rock Head,Rattled,15.0 kG,177,5120,Neutral,Undiscovered,,255,1000000,
439,Mime Jr.,20,25,45,70,90,60,310,Psychic,Fairy,Soundproof,Filter,Technician,13.0 kG,173,6400,Neutral,Undiscovered,,145,1000000,
440,Happiny,100,5,5,15,65,30,220,Normal,,Natural Cure,Serene Grace,Friend Guard,24.4 kG,173,10240,F (100%),Undiscovered,,130,800000,
441,Chatot,76,65,45,92,42,91,411,Normal,Flying,Keen Eye,Tangled Feet,Big Pecks,1.9 kG,179,5120,Neutral,Flying,,30,1059860,N
442,Spiritomb,50,92,108,92,108,35,485,Ghost,Dark,Pressure,,Infiltrator,108.0 kG,241,7680,Neutral,Amorphous,,100,1000000,N
443,Gible,58,70,45,40,45,42,300,Dragon,Ground,Sand Veil,,Rough Skin,20.5 kG,180,10240,Neutral,Monster,Dragon,45,1250000,
444,Gabite,68,90,65,50,55,82,410,Dragon,Ground,Sand Veil,,Rough Skin,56.0 kG,241,,Neutral,Monster,Dragon,45,1250000,Lv. 24
445,Garchomp,108,130,95,80,85,102,600,Dragon,Ground,Sand Veil,,Rough Skin,95.0 kG,187,,Neutral,Monster,Dragon,45,1250000,Lv. 48
446,Munchlax,135,85,40,40,85,5,390,Normal,,Pickup,Thick Fat,Gluttony,105.0 kG,44,10240,M (87.5%),Undiscovered,,50,1250000,Breed Snorlax holding Lax Incense
447,Riolu,40,70,40,35,40,60,285,Fighting,,Steadfast,Inner Focus,Prankster,20.2 kG,243,6400,M (87.5%),Undiscovered,,75,1059860,
448,Lucario,70,110,70,115,70,90,525,Fighting,Steel,Steadfast,Inner Focus,Justified,54.0 kG,243,,M (87.5%),Field,Human-Like,45,1059860,Morn/Day Friendship
449,Hippopotas,68,72,78,38,42,32,330,Ground,,Sand Stream,,Sand Force,49.5 kG,245,7680,Neutral,Field,,140,1250000,
450,Hippowdon,108,112,118,68,72,47,525,Ground,,Sand Stream,,Sand Force,300.0 kG,180,,Neutral,Field,,60,1250000,Lv. 34
451,Skorupi,40,50,90,30,55,65,330,Poison,Bug,Battle Armor,Sniper,Keen Eye,12.0 kG,184,5120,Neutral,Bug,Water 3,120,1250000,
452,Drapion,70,90,110,60,75,95,500,Poison,Dark,Battle Armor,Sniper,Keen Eye,61.5 kG,184,,Neutral,Bug,Water 3,45,1250000,Lv. 40
453,Croagunk,48,61,40,61,40,50,300,Poison,Fighting,Anticipate,Dry Skin,Poison Touch,23.0 kG,179,2560,Neutral,Human-Like,,140,1000000,
454,Toxicroak,83,106,65,86,65,85,490,Poison,Fighting,Anticipate,Dry Skin,Poison Touch,44.4 kG,239,,Neutral,Human-Like,,75,1000000,Lv. 37
455,Carnivine,74,100,72,90,72,46,454,Grass,,Levitate,,,27.0 kG,241,6400,Neutral,Grass,,200,1250000,N
456,Finneon,49,49,56,49,61,66,330,Water,,Swift Swim,Storm Drain,Water Veil,7.0 kG,233,5120,Neutral,Water 2,,190,600000,
457,Lumineon,69,69,76,69,86,91,460,Water,,Swift Swim,Storm Drain,Water Veil,24.0 kG,184,,Neutral,Water 2,,75,600000,Lv. 31
458,Mantyke,45,20,50,60,120,50,345,Water,Flying,Swift Swim,Water Absorb,,65.0 kG,239,6400,Neutral,Undiscovered,,25,1250000,
459,Snover,60,62,50,62,60,40,334,Ice,Grass,Snow Warning,,Soundproof,50.5 kG,236,5120,Neutral,Monster,Grass,120,1250000,
460,Abomasnow,90,92,75,92,85,60,494,Ice,Grass,Snow Warning,,Soundproof,135.5 kG,168,,Neutral,Monster,Grass,60,1250000,Lv. 40
461,Weavile,70,120,65,45,85,125,510,Dark,Ice,Pressure,,Pickpocket,34.0 kG,261,,Neutral,Field,,45,1059860,Nite Level h/ Razor Claw
462,Magnezone,70,70,115,130,90,60,535,Electric,Steel,Magnet Pull,Sturdy,Analytic,180.0 kG,61,,None,Mineral,,30,1000000,Level a/ Mt. Coronet
463,Lickilicky,110,85,95,80,95,50,515,Normal,,Own Tempo,Oblivious,Cloud Nine,140.0 kG,68,,Neutral,Monster,,30,1000000,Level w/ Rollout
464,Rhyperior,115,140,130,55,55,40,535,Ground,Rock,Lightningrod,Solid Rock,Reckless,282.8 kG,172,,Neutral,Monster,Field,30,1250000,Trade h/ Protector
465,Tangrowth,100,100,125,110,50,50,535,Grass,,Chlorophyll,Leaf Guard,Regenerator,128.6 kG,189,,Neutral,Grass,,30,1000000,Level w/ Ancientpower
466,Electivire,75,123,67,95,85,95,540,Electric,,Motor Drive,,Vital Spirit,138.6 kG,60,,M (75%),Human-Like,,30,1000000,Trade h/ Electrizer
467,Magmortar,75,95,67,125,95,83,540,Fire,,Flame Body,,Vital Spirit,68.0 kG,306,,M (75%),Human-Like,,30,1000000,Trade h/ Magmarizer
468,Togekiss,85,50,95,120,115,80,545,Fairy,Flying,Hustle,Serene Grace,Super Luck,38.0 kG,58,,M (87.5%),Flying,Fairy,30,800000,Shiny Stone
469,Yanmega,86,76,86,116,56,95,515,Bug,Flying,Speed Boost,Tinted Lens,Frisk,51.5 kG,60,,Neutral,Bug,,30,1000000,Level w/ Ancientpower
470,Leafeon,65,110,130,60,65,95,525,Grass,,Leaf Guard,,Chlorophyll,25.5 kG,52,,M (87.5%),Field,,45,1000000,Level a/ Moss Rock
471,Glaceon,65,60,110,130,95,65,525,Ice,,Snow Cloak,,Ice Body,25.9 kG,155,,M (87.5%),Field,,45,1000000,Level a/ Ice Rock
472,Gliscor,75,95,125,45,75,95,510,Ground,Flying,Hyper Cutter,Sand Veil,Poison Heal,42.5 kG,61,,Neutral,Bug,,30,1059860,Nite Level h/ Razor Fang
473,Mamoswine,110,130,80,70,60,80,530,Ice,Ground,Oblivious,Snow Cloak,Thick Fat,291.0 kG,62,,Neutral,Field,,50,1250000,Level w/ Ancientpower
474,Porygon-Z,85,80,70,135,75,90,535,Normal,,Adaptability,Download,Analytic,34.0 kG,50,,None,Mineral,,30,1000000,Trade w/ Dubious Disc
475,Gallade,68,125,65,65,115,80,518,Psychic,Fighting,Steadfast,,Justified,52.0 kG,56,,M (100%),Amorphous,,45,1250000,Dawn StoneM
476,Probopass,60,55,145,75,150,40,525,Rock,Steel,Sturdy,Magnet Pull,Sand Force,340.0 kG,165,,Neutral,Mineral,,60,1000000,Level a/ Mt. Coronet
477,Dusknoir,45,100,135,65,135,45,525,Ghost,,Pressure,,,106.6 kG,306,,Neutral,Amorphous,,45,800000,Trade w/ Reaper Cloth
478,Froslass,70,80,70,80,70,110,480,Ice,Ghost,Snow Cloak,,Cursed Body,26.6 kG,142,,F (100%),Fairy,Mineral,75,1000000,Dawn StoneF
479,Rotom,50,50,77,95,77,91,440,Electric,Ghost,Levitate,,,0.3 kG,154,5120,None,Amorphous,,45,1000000,N
479.1,Rotom (Heat),50,65,107,105,107,86,520,Electric,Fire,Levitate,,,0.3 kG,,,None,Amorphous,,45,1000000,N
479.2,Rotom (Wash),50,65,107,105,107,86,520,Electric,Water,Levitate,,,0.3 kG,,,None,Amorphous,,45,1000000,N
479.3,Rotom (Frost),50,65,107,105,107,86,520,Electric,Ice,Levitate,,,0.3 kG,,,None,Amorphous,,45,1000000,N
479.4,Rotom (Spin),50,65,107,105,107,86,520,Electric,Flying,Levitate,,,0.3 kG,,,None,Amorphous,,45,1000000,N
479.5,Rotom (Cut),50,65,107,105,107,86,520,Electric,Grass,Levitate,,,0.3 kG,,,None,Amorphous,,45,1000000,N
480,Uxie,75,75,130,75,130,95,580,Psychic,,Levitate,,,0.3 kG,261,NONE,None,Undiscovered,,3,1250000,N
481,Mesprit,80,105,105,105,105,80,580,Psychic,,Levitate,,,0.3 kG,261,NONE,None,Undiscovered,,3,1250000,N
482,Azelf,75,125,70,125,70,115,580,Psychic,,Levitate,,,0.3 kG,261,NONE,None,Undiscovered,,3,1250000,N
483,Dialga,100,120,120,150,100,90,680,Steel,Dragon,Pressure,,Telepathy,683.0 kG,306,NONE,None,Undiscovered,,30,1250000,N
484,Palkia,90,120,100,150,120,100,680,Water,Dragon,Pressure,,Telepathy,336.0 kG,306,NONE,None,Undiscovered,,30,1250000,N
485,Heatran,91,90,106,130,106,77,600,Fire,Steel,Flash Fire,,Flame Body,430.0 kG,270,NONE,Neutral,Undiscovered,,3,1250000,N
486,Regigigas,110,160,110,80,110,100,670,Normal,,Slow Start,,,420.0 kG,302,NONE,None,Undiscovered,,3,1250000,N
487,Giratina,150,100,120,100,120,90,680,Ghost,Dragon,Pressure,,Telepathy,750.0 kG,306,NONE,None,Undiscovered,,3,1250000,N
487.1,Giratina (O),150,120,100,120,100,90,680,Ghost,Dragon,Levitate,,,650.0 kG,,NONE,None,Undiscovered,,3,1250000,N
488,Cresselia,120,70,120,75,130,85,600,Psychic,,Levitate,,,85.6 kG,270,NONE,F (100%),Undiscovered,,3,1250000,N
489,Phione,80,80,80,80,80,80,480,Water,,Hydration,,,3.1 kG,216,10537,None,Water 1,Fairy,30,1250000,Breed Manaphy or Phione with Ditto
490,Manaphy,100,100,100,100,100,100,600,Water,,Hydration,,,1.4 kG,270,NONE,None,Water 1,Fairy,3,1250000,N
491,Darkrai,70,90,90,135,90,125,600,Dark,,Bad Dreams,,,50.5 kG,270,NONE,None,Undiscovered,,3,1250000,N
492,Shaymin,100,100,100,100,100,100,600,Grass,,Natural Cure,,,2.1 kG,270,NONE,None,Undiscovered,,45,1059860,N
492.1,Shaymin (S),100,103,75,120,75,127,600,Grass,Flying,Serene Grace,,,5.2 kG,,NONE,None,Undiscovered,,45,1059860,N
493,Arceus,120,120,120,120,120,120,720,Normal,,Multitype,,,320.0 kG,324,NONE,None,Undiscovered,,3,1250000,N
494,Victini,100,100,100,100,100,100,600,Psychic,Fire,Victory Star,,,4.0 kG,270,NONE,None,Undiscovered,,3,1250000,N
495,Snivy,45,45,55,45,55,63,308,Grass,,Overgrow,,Contrary,8.1 kG,28,5120,M (87.5%),Field,Grass,45,1059860,
496,Servine,60,60,75,60,75,83,413,Grass,,Overgrow,,Contrary,16.0 kG,145,,M (87.5%),Field,Grass,45,1059860,Lv. 17
497,Serperior,75,75,95,75,95,113,528,Grass,,Overgrow,,Contrary,63.0 kG,238,,M (87.5%),Field,Grass,45,1059860,Lv. 36
498,Tepig,65,63,45,45,45,45,308,Fire,,Blaze,,Thick Fat,9.9 kG,28,5120,M (87.5%),Field,,45,1059860,
499,Pignite,90,93,55,70,55,55,418,Fire,Fighting,Blaze,,Thick Fat,55.5 kG,146,,M (87.5%),Field,,45,1059860,Lv. 17
500,Emboar,110,123,65,100,65,65,528,Fire,Fighting,Blaze,,Reckless,150.0 kG,238,,M (87.5%),Field,,45,1059860,Lv. 36
501,Oshawott,55,55,45,63,45,45,308,Water,,Torrent,,Shell Armor,5.9 kG,28,5120,M (87.5%),Field,,45,1059860,
502,Dewott,75,75,60,83,60,60,413,Water,,Torrent,,Shell Armor,24.5 kG,145,,M (87.5%),Field,,45,1059860,Lv. 17
503,Samurott,95,100,85,108,70,70,528,Water,,Torrent,,Shell Armor,94.6 kG,238,,M (87.5%),Field,,45,1059860,Lv. 36
504,Patrat,45,55,39,35,39,42,255,Normal,,Run Away,Keen Eye,Analytic,11.6 kG,51,3840,Neutral,Field,,255,1000000,
505,Watchog,60,85,69,60,69,77,420,Normal,,Illuminate,Keen Eye,Analytic,27.0 kG,147,,Neutral,Field,,255,1000000,Lv. 20
506,Lillipup,45,60,45,25,45,55,275,Normal,,Vital Spirit,Pickup,Run Away,4.1 kG,55,3840,Neutral,Field,,255,1059860,
507,Herdier,65,80,65,35,65,60,370,Normal,,Intimidate,Sand Rush,Scrappy,14.7 kG,130,,Neutral,Field,,120,1059860,Lv. 16
508,Stoutland,85,100,90,45,90,80,490,Normal,,Intimidate,Sand Rush,Scrappy,61.0 kG,221,,Neutral,Field,,45,1059860,Lv. 32
509,Purrloin,41,50,37,50,37,66,281,Dark,,Limber,Unburden,Prankster,10.1 kG,56,5120,Neutral,Field,,255,1000000,
510,Liepard,64,88,50,88,50,106,446,Dark,,Limber,Unburden,Prankster,37.5 kG,156,,Neutral,Field,,90,1000000,Lv. 20
511,Pansage,50,53,48,53,48,64,316,Grass,,Gluttony,,Overgrow,10.5 kG,63,5120,M (87.5%),Field,,190,1000000,
512,Simisage,75,98,63,98,63,101,498,Grass,,Gluttony,,Overgrow,30.5 kG,174,,M (87.5%),Field,,75,1000000,Leaf Stone
513,Pansear,50,53,48,53,48,64,316,Fire,,Gluttony,,Blaze,11.0 kG,63,5120,M (87.5%),Field,,190,1000000,
514,Simisear,75,98,63,98,63,101,498,Fire,,Gluttony,,Blaze,28.0 kG,174,,M (87.5%),Field,,75,1000000,Fire Stone
515,Panpour,50,53,48,53,48,64,316,Water,,Gluttony,,Torrent,13.5 kG,63,5120,M (87.5%),Field,,190,1000000,
516,Simipour,75,98,63,98,63,101,498,Water,,Gluttony,,Torrent,29.0 kG,174,,M (87.5%),Field,,75,1000000,Water Stone
517,Munna,76,25,45,67,55,24,292,Psychic,,Forewarn,Synchronize,Telepathy,23.3 kG,58,2560,Neutral,Field,,190,800000,
518,Musharna,116,55,85,107,95,29,487,Psychic,,Forewarn,Synchronize,Telepathy,60.5 kG,170,,Neutral,Field,,75,800000,Moon Stone
519,Pidove,50,55,50,36,30,43,264,Normal,Flying,Big Pecks,Super Luck,Rivalry,2.1 kG,53,3840,Neutral,Flying,,255,1059860,
520,Tranquill,62,77,62,50,42,65,358,Normal,Flying,Big Pecks,Super Luck,Rivalry,15.0 kG,125,,Neutral,Flying,,120,1059860,Lv. 21
521,Unfezant,80,105,80,65,55,93,478,Normal,Flying,Big Pecks,Super Luck,Rivalry,29.0 kG,215,,Neutral,Flying,,45,1059860,Lv. 32
522,Blitzle,45,60,32,50,32,76,295,Electric,,Lightningrod,Motor Drive,Sap Sipper,29.8 kG,59,5120,Neutral,Field,,190,1000000,
523,Zebstrika,75,100,63,80,63,116,497,Electric,,Lightningrod,Motor Drive,Sap Sipper,79.5 kG,174,,Neutral,Field,,75,1000000,Lv. 27
524,Roggenrola,55,75,85,25,25,15,280,Rock,,Sturdy,,Sand Force,18.0 kG,56,3840,Neutral,Mineral,,255,1059860,
525,Boldore,70,105,105,50,40,20,390,Rock,,Sturdy,,Sand Force,102.0 kG,137,,Neutral,Mineral,,120,1059860,Lv. 25
526,Gigalith,85,135,130,60,70,25,505,Rock,,Sturdy,,Sand Force,260.0 kG,227,,Neutral,Mineral,,45,1059860,Trade
527,Woobat,55,45,43,55,43,72,313,Psychic,Flying,Unaware,Klutz,Simple,2.1 kG,63,3840,Neutral,Field,Flying,190,1000000,
528,Swoobat,67,57,55,77,55,114,425,Psychic,Flying,Unaware,Klutz,Simple,10.5 kG,149,,Neutral,Field,Flying,45,1000000,Friendship
529,Drilbur,60,85,40,30,45,68,328,Ground,,Sand Rush,Sand Force,Mold Breaker,8.5 kG,66,5120,Neutral,Field,,120,1000000,
530,Excadrill,110,135,60,50,65,88,508,Ground,Steel,Sand Rush,Sand Force,Mold Breaker,40.4 kG,178,,Neutral,Field,,60,1000000,Lv. 31
531,Audino,103,60,86,60,86,50,445,Normal,,Healer,Regenerator,Klutz,31.0 kG,390,5120,Neutral,Fairy,,255,800000,N
532,Timburr,75,80,55,25,35,35,305,Fighting,,Guts,Sheer Force,Iron Fist,12.5 kG,61,5120,M (75%),Human-Like,,180,1059860,
533,Gurdurr,85,105,85,40,50,40,405,Fighting,,Guts,Sheer Force,Iron Fist,40.0 kG,142,,M (75%),Human-Like,,90,1059860,Lv. 25
534,Conkeldurr,105,140,95,55,65,45,505,Fighting,,Guts,Sheer Force,Iron Fist,87.0 kG,227,,M (75%),Human-Like,,45,1059860,Trade
535,Tympole,50,50,40,50,40,64,294,Water,,Swift Swim,Hydration,Water Absorb,4.5 kG,59,5120,Neutral,Water 1,,255,1059860,
536,Palpitoad,75,65,55,65,55,69,384,Water,Ground,Swift Swim,Hydration,Water Absorb,17.0 kG,134,,Neutral,Water 1,,120,1059860,Lv. 25
537,Seismitoad,105,85,75,85,75,74,499,Water,Ground,Swift Swim,Poison Touch,Water Absorb,62.0 kG,225,,Neutral,Water 1,,45,1059860,Lv. 36
538,Throh,120,100,85,30,85,45,465,Fighting,,Guts,Inner Focus,Mold Breaker,55.5 kG,163,5120,M (100%),Human-Like,,45,1000000,
539,Sawk,75,125,75,30,75,85,465,Fighting,,Sturdy,Inner Focus,Mold Breaker,51.0 kG,163,5120,M (100%),Human-Like,,45,1000000,
540,Sewaddle,45,53,70,40,60,42,310,Bug,Grass,Swarm,Chlorophyll,Overcoat,2.5 kG,62,3840,Neutral,Bug,,255,1059860,
541,Swadloon,55,63,90,50,80,42,380,Bug,Grass,Leaf Guard,Chlorophyll,Overcoat,7.3 kG,133,,Neutral,Bug,,120,1059860,Lv. 20
542,Leavanny,75,103,80,70,70,92,490,Bug,Grass,Swarm,Chlorophyll,Overcoat,20.5 kG,221,,Neutral,Bug,,45,1059860,Friendship
543,Venipede,30,45,59,30,39,57,260,Bug,Poison,Poison Point,Swarm,Quick Feet,5.3 kG,52,3840,Neutral,Bug,,255,1059860,
544,Whirlipede,40,55,99,40,79,47,360,Bug,Poison,Poison Point,Swarm,Quick Feet,58.5 kG,126,,Neutral,Bug,,120,1059860,Lv. 22
545,Scolipede,60,90,89,55,69,112,475,Bug,Poison,Poison Point,Swarm,Quick Feet,200.5 kG,214,,Neutral,Bug,,45,1059860,Lv. 30
546,Cottonee,40,27,60,37,50,66,280,Grass,Fairy,Prankster,Infiltrator,Chlorophyll,0.6 kG,56,5120,Neutral,Grass,Fairy,190,1000000,
547,Whimsicott,60,67,85,77,75,116,480,Grass,Fairy,Prankster,Infiltrator,Chlorophyll,6.6 kG,168,,Neutral,Grass,Fairy,75,1000000,Sun Stone
548,Petilil,45,35,50,70,50,30,280,Grass,,Chlorophyll,Own Tempo,Leaf Guard,6.6 kG,56,5120,F (100%),Grass,,190,1000000,
549,Lilligant,70,60,75,110,75,90,480,Grass,,Chlorophyll,Own Tempo,Leaf Guard,16.3 kG,168,,F (100%),Grass,,75,1000000,Sun Stone
550,Basculin,70,92,65,80,55,98,460,Water,,Reckless,Adaptability,Mold Breaker,18.0 kG,161,10240,Neutral,Water 2,,25,1000000,N
551,Sandile,50,72,35,35,35,65,292,Ground,Dark,Intimidate,Moxie,Anger Point,15.2 kG,58,5120,Neutral,Field,,180,1059860,
552,Krokorok,60,82,45,45,45,74,351,Ground,Dark,Intimidate,Moxie,Anger Point,33.4 kG,123,,Neutral,Field,,90,1059860,Lv. 29
553,Krookodile,95,117,70,65,70,92,509,Ground,Dark,Intimidate,Moxie,Anger Point,96.3 kG,229,,Neutral,Field,,45,1059860,Lv. 40
554,Darumaka,70,90,45,15,45,50,315,Fire,,Hustle,,Inner Focus,37.5 kG,63,5120,Neutral,Field,,120,1059860,
555,Darmanitan,105,140,55,30,55,95,480,Fire,,Sheer Force,,Zen Mode,92.9 kG,168,,Neutral,Field,,60,1059860,Lv. 35
555.1,Darmanitan (Z),105,30,105,140,105,55,540,Fire,Psychic,,,Zen Mode,92.9 kG,,,Neutral,Field,,60,1059860,
556,Maractus,75,86,67,106,67,60,461,Grass,,Water Absorb,Chlorophyll,Storm Drain,28.0 kG,161,5120,Neutral,Grass,,255,1000000,N
557,Dwebble,50,65,85,35,35,55,325,Bug,Rock,Sturdy,Shell Armor,Weak Armor,14.5 kG,65,5120,Neutral,Bug,Mineral,190,1000000,
558,Crustle,70,95,125,65,75,45,475,Bug,Rock,Sturdy,Shell Armor,Weak Armor,200.0 kG,166,,Neutral,Bug,Mineral,75,1000000,Lv. 34
559,Scraggy,50,75,70,35,70,48,348,Dark,Fighting,Shed Skin,Moxie,Intimidate,11.8 kG,70,3840,Neutral,Field,Dragon,180,1000000,
560,Scrafty,65,90,115,45,115,58,488,Dark,Fighting,Shed Skin,Moxie,Intimidate,30.0 kG,171,,Neutral,Field,Dragon,90,1000000,
561,Sigilyph,72,58,80,103,80,97,490,Psychic,Flying,Wonder Skin,Magic Guard,Tinted Lens,14.0 kG,172,5120,Neutral,Flying,,45,1000000,
562,Yamask,38,30,85,55,65,30,303,Ghost,,Mummy,,,1.5 kG,61,6400,Neutral,Mineral,Amorphous,190,1000000,
563,Cofagrigus,58,50,145,95,105,30,483,Ghost,,Mummy,,,76.5 kG,169,,Neutral,Mineral,Amorphous,90,1000000,Lv. 34
564,Tirtouga,54,78,103,53,45,22,355,Water,Rock,Solid Rock,Sturdy,Swift Swim,16.5 kG,71,7680,M (87.5%),Water 1,Water 3,45,1000000,
565,Carracosta,74,108,133,83,65,32,495,Water,Rock,Solid Rock,Sturdy,Swift Swim,81.0 kG,173,,M (87.5%),Water 1,Water 3,45,1000000,Lv. 37
566,Archen,55,112,45,74,45,70,401,Rock,Flying,Defeatist,,,9.5 kG,71,7680,M (87.5%),Flying,Water 3,45,1000000,
567,Archeops,75,140,65,112,65,110,567,Rock,Flying,Defeatist,,,32.0 kG,177,,M (87.5%),Flying,Water 3,45,1000000,Lv. 37
568,Trubbish,50,50,62,40,62,65,329,Poison,,Stench,Sticky Hold,Aftermath,31.0 kG,66,5120,Neutral,Mineral,,190,1000000,
569,Garbodor,80,95,92,60,82,75,484,Poison,,Stench,Weak Armor,Aftermath,107.3 kG,166,,Neutral,Mineral,,60,1000000,Lv. 36
570,Zorua,40,65,40,80,40,65,330,Dark,,Illusion,,,12.5 kG,66,6400,M (87.5%),Field,,75,1059860,
571,Zoroark,60,105,60,120,60,105,510,Dark,,Illusion,,,81.1 kG,179,,M (87.5%),Field,,45,1059860,Lv. 30
572,Minccino,55,50,40,40,40,75,300,Normal,,Cute Charm,Technician,Skill Link,5.8 kG,60,3840,F (75%),Field,,255,800000,
573,Cinccino,75,95,60,65,60,115,470,Normal,,Cute Charm,Technician,Skill Link,7.5 kG,165,,F (75%),Field,,60,800000,Shiny Stone
574,Gothita,45,30,50,55,65,45,290,Psychic,,Frisk,,Shadow Tag,5.8 kG,58,5120,F (75%),Human-Like,,200,1059860,
575,Gothorita,60,45,70,75,85,55,390,Psychic,,Frisk,,Shadow Tag,18.0 kG,137,,F (75%),Human-Like,,100,1059860,Lv. 32
576,Gothitelle,70,55,95,95,110,65,490,Psychic,,Frisk,,Shadow Tag,44.0 kG,221,,F (75%),Human-Like,,50,1059860,Lv. 41
577,Solosis,45,30,40,105,50,20,290,Psychic,,Overcoat,Magic Guard,Regenerator,1.0 kG,58,5120,Neutral,Amorphous,,200,1059860,
578,Duosion,65,40,50,125,60,30,370,Psychic,,Overcoat,Magic Guard,Regenerator,8.0 kG,130,,Neutral,Amorphous,,100,1059860,Lv. 32
579,Reuniclus,110,65,75,125,85,30,490,Psychic,,Overcoat,Magic Guard,Regenerator,20.1 kG,221,,Neutral,Amorphous,,50,1059860,Lv. 41
580,Ducklett,62,44,50,44,50,55,305,Water,Flying,Keen Eye,Big Pecks,Hydration,5.5 kG,61,5120,Neutral,Water 1,Flying,190,1000000,
581,Swanna,75,87,63,87,63,98,473,Water,Flying,Keen Eye,Big Pecks,Hydration,24.2 kG,166,,Neutral,Water 1,Flying,45,1000000,Lv. 35
582,Vanillite,36,50,50,65,60,44,305,Ice,,Ice Body,,Weak Armor,5.7 kG,61,5120,Neutral,Mineral,,255,1000000,
583,Vanillish,51,65,65,80,75,59,395,Ice,,Ice Body,,Weak Armor,41.0 kG,138,,Neutral,Mineral,,120,1000000,Lv. 35
584,Vanilluxe,71,95,85,110,95,79,535,Ice,,Ice Body,,Weak Armor,57.5 kG,241,,Neutral,Mineral,,45,1000000,Lv. 47
585,Deerling,60,60,50,40,50,75,335,Normal,Grass,Chlorophyll,Sap Sipper,Serene Grace,19.5 kG,67,5120,Neutral,Field,,190,1000000,
586,Sawsbuck,80,100,70,60,70,95,475,Normal,Grass,Chlorophyll,Sap Sipper,Serene Grace,92.5 kG,166,,Neutral,Field,,75,1000000,Lv. 34
587,Emolga,55,75,60,75,60,103,428,Electric,Flying,Static,,Motor Drive,5.0 kG,150,5120,Neutral,Field,,200,1000000,
588,Karrablast,50,75,45,40,45,60,315,Bug,,Swarm,Shed Skin,No Guard,5.9 kG,63,3840,Neutral,Bug,,200,1000000,
589,Escavalier,70,135,105,60,105,20,495,Bug,Steel,Swarm,Shell Armor,Overcoat,33.0 kG,173,,Neutral,Bug,,75,1000000,Trade w/ Shelmet
590,Foongus,69,55,45,55,55,15,294,Grass,Poison,Effect Spore,,Regenerator,1.0 kG,59,5120,Neutral,Grass,,190,1000000,
591,Amoonguss,114,85,70,85,80,30,464,Grass,Poison,Effect Spore,,Regenerator,10.5 kG,162,,Neutral,Grass,,75,1000000,Lv. 39
592,Frillish,55,40,50,65,85,40,335,Water,Ghost,Water Absorb,Cursed Body,,33.0 kG,67,5120,Neutral,Amorphous,,190,1000000,
593,Jellicent,100,60,70,85,105,60,480,Water,Ghost,Water Absorb,Cursed Body,Damp,135.0 kG,168,,Neutral,Amorphous,,60,1000000,Lv. 40
594,Alomomola,165,75,80,40,45,65,470,Water,,Healer,Hydration,Regenerator,31.6 kG,165,10240,Neutral,Water 1,Water 2,75,800000,N
595,Joltik,50,47,50,57,50,65,319,Bug,Electric,Compoundeyes,Unnerve,Swarm,0.6 kG,64,5120,Neutral,Bug,,190,1000000,
596,Galvantula,70,77,60,97,60,108,472,Bug,Electric,Compoundeyes,Unnerve,Swarm,14.3 kG,165,5120,Neutral,Bug,,75,1000000,Lv. 36
597,Ferroseed,44,50,91,24,86,10,305,Grass,Steel,Iron Barbs,,,18.8 kG,61,5120,Neutral,Grass,Mineral,255,1000000,
598,Ferrothorn,74,94,131,54,116,20,489,Grass,Steel,Iron Barbs,,,110.0 kG,171,,Neutral,Grass,Mineral,90,1000000,Lv. 40
599,Klink,40,55,70,45,60,30,300,Steel,,Plus,Minus,Clear Body,21.0 kG,60,5120,None,Mineral,,130,1059860,
600,Klang,60,80,95,70,85,50,440,Steel,,Plus,Minus,Clear Body,51.0 kG,154,,None,Mineral,,60,1059860,Lv. 38
601,Klinklang,60,100,115,70,85,90,520,Steel,,Plus,Minus,Clear Body,81.0 kG,234,,None,Mineral,,30,1059860,Lv. 49
602,Tynamo,35,55,40,45,40,60,275,Electric,,Levitate,,,0.3 kG,55,5120,Neutral,Amorphous,,190,1250000,
603,Eelektrik,65,85,70,75,70,40,405,Electric,,Levitate,,,22.0 kG,142,,Neutral,Amorphous,,60,1250000,Lv. 39
604,Eelektross,85,115,80,105,80,50,515,Electric,,Levitate,,,80.5 kG,232,,Neutral,Amorphous,,30,1250000,Thunderstone
605,Elgyem,55,55,55,85,55,30,335,Psychic,,Telepathy,Synchronize,Analytic,9.0 kG,67,5120,Neutral,Human-Like,,255,1000000,
606,Beheeyem,75,75,75,125,95,40,485,Psychic,,Telepathy,Synchronize,Analytic,34.5 kG,170,,Neutral,Human-Like,,90,1000000,Lv. 42
607,Litwick,50,30,55,65,55,20,275,Ghost,Fire,Flash Fire,Flame Body,Shadow Tag,3.1 kG,55,5120,Neutral,Amorphous,,190,1059860,
608,Lampent,60,40,60,95,60,55,370,Ghost,Fire,Flash Fire,Flame Body,Shadow Tag,13.0 kG,130,,Neutral,Amorphous,,90,1059860,Lv. 41
609,Chandelure,60,55,90,145,90,80,520,Ghost,Fire,Flash Fire,Flame Body,Shadow Tag,34.3 kG,234,,Neutral,Amorphous,,45,1059860,Dusk Stone
610,Axew,46,87,60,30,40,57,320,Dragon,,Rivalry,Mold Breaker,Unnerve,18.0 kG,64,10240,Neutral,Monster,Dragon,75,1250000,
611,Fraxure,66,117,70,40,50,67,410,Dragon,,Rivalry,Mold Breaker,Unnerve,36.0 kG,144,,Neutral,Monster,Dragon,60,1250000,Lv. 38
612,Haxorus,76,147,90,60,70,97,540,Dragon,,Rivalry,Mold Breaker,Unnerve,105.5 kG,243,,Neutral,Monster,Dragon,45,1250000,Lv. 48
613,Cubchoo,55,70,40,60,40,40,305,Ice,,Snow Cloak,,Rattled,8.5 kG,61,5120,Neutral,Field,,120,1000000,
614,Beartic,95,110,80,70,80,50,485,Ice,,Snow Cloak,,Swift Swim,260.0 kG,170,,Neutral,Field,,60,1000000,Lv. 37
615,Cryogonal,70,50,30,95,135,105,485,Ice,,Levitate,,,148.0 kG,170,6400,None,Mineral,,25,1000000,N
616,Shelmet,50,40,85,40,65,25,305,Bug,,Hydration,Shell Armor,Overcoat,7.7 kG,61,3840,Neutral,Bug,,200,1000000,
617,Accelgor,80,70,40,100,60,145,495,Bug,,Hydration,Sticky Hold,Unburden,25.3 kG,173,,Neutral,Bug,,75,1000000,Trade w/ Karrablast
618,Stunfisk,109,66,84,81,99,32,471,Ground,Electric,Static,Limber,Sand Veil,11.0 kG,165,5120,Neutral,Water 1,Amorphous,75,1000000,N
619,Mienfoo,45,85,50,55,50,65,350,Fighting,,Inner Focus,Regenerator,Reckless,20.0 kG,70,6400,Neutral,Field,Human-Like,180,1059860,
620,Mienshao,65,125,60,95,60,105,510,Fighting,,Inner Focus,Regenerator,Reckless,35.5 kG,179,,Neutral,Field,Human-Like,45,1059860,Lv. 50
621,Druddigon,77,120,90,60,90,48,485,Dragon,,Rough Skin,Sheer Force,Mold Breaker,139.0 kG,170,7680,Neutral,Dragon,Monster,45,1000000,N
622,Golett,59,74,50,35,50,35,303,Ground,Ghost,Iron Fist,Klutz,No Guard,92.0 kG,61,6400,None,Mineral,,190,1000000,
623,Golurk,89,124,80,55,80,55,483,Ground,Ghost,Iron Fist,Klutz,No Guard,330.0 kG,169,,None,Mineral,,90,1000000,Lv. 43
624,Pawniard,45,85,70,40,40,60,340,Dark,Steel,Defiant,Inner Focus,Pressure,10.2 kG,68,5120,Neutral,Human-Like,,120,1000000,
625,Bisharp,65,125,100,60,70,70,490,Dark,Steel,Defiant,Inner Focus,Pressure,70.0 kG,172,,Neutral,Human-Like,,45,1000000,Lv. 52
626,Bouffalant,95,110,95,40,95,55,490,Normal,,Reckless,Sap Sipper,Soundproof,94.6 kG,172,5120,Neutral,Field,,45,1000000,N
627,Rufflet,70,83,50,37,50,60,350,Normal,Flying,Keen Eye,Sheer Force,Hustle,10.5 kG,70,5120,M (100%),Flying,,190,1250000,
628,Braviary,100,123,75,57,75,80,510,Normal,Flying,Keen Eye,Sheer Force,Defiant,41.0 kG,179,,M (100%),Flying,,60,1250000,Lv. 54
629,Vullaby,70,55,75,45,65,60,370,Dark,Flying,Big Pecks,Overcoat,Weak Armor,9.0 kG,74,5120,F (100%),Flying,,190,1250000,
630,Mandibuzz,110,65,105,55,95,80,510,Dark,Flying,Big Pecks,Overcoat,Weak Armor,39.5 kG,179,,F (100%),Flying,,60,1250000,Lv. 54
631,Heatmor,85,97,66,105,66,65,484,Fire,,Gluttony,Flash Fire,White Smoke,58.0 kG,169,5120,Neutral,Field,,90,1000000,N
632,Durant,58,109,112,48,48,109,484,Bug,Steel,Swarm,Hustle,Truant,33.0 kG,169,5120,Neutral,Bug,,90,1000000,N
633,Deino,52,65,50,45,50,38,300,Dark,Dragon,Hustle,,,17.3 kG,60,10240,Neutral,Dragon,,45,1250000,
634,Zweilous,72,85,70,65,70,58,420,Dark,Dragon,Hustle,,,50.0 kG,147,,Neutral,Dragon,,45,1250000,Lv. 50
635,Hydreigon,92,105,90,125,90,98,600,Dark,Dragon,Levitate,,,160.0 kG,270,,Neutral,Dragon,,45,1250000,Lv. 64
636,Larvesta,55,85,55,50,55,60,360,Bug,Fire,Flame Body,,Swarm,28.8 kG,72,10240,Neutral,Bug,,45,1250000,
637,Volcarona,85,60,65,135,105,100,550,Bug,Fire,Flame Body,,Swarm,46.0 kG,248,,Neutral,Bug,,15,1250000,Lv. 59
638,Cobalion,91,90,129,90,72,108,580,Steel,Fighting,Justified,,,250.0 kG,261,NONE,None,Undiscovered,,3,1250000,N
639,Terrakion,91,129,90,72,90,108,580,Rock,Fighting,Justified,,,260.0 kG,261,NONE,None,Undiscovered,,3,1250000,N
640,Virizion,91,90,72,90,129,108,580,Grass,Fighting,Justified,,,200.0 kG,261,NONE,None,Undiscovered,,3,1250000,N
641,Tornadus,79,115,70,125,80,111,580,Flying,,Prankster,,Defiant,63.0 kG,261,NONE,M (100%),Undiscovered,,3,1250000,N
642,Thundurus,79,115,70,125,80,111,580,Electric,Flying,Prankster,,Defiant,61.0 kG,261,NONE,M (100%),Undiscovered,,3,1250000,N
643,Reshiram,100,120,100,150,120,90,680,Dragon,Fire,Turboblaze,,,330.0 kG,306,NONE,None,Undiscovered,,45,1250000,N
644,Zekrom,100,150,120,120,100,90,680,Dragon,Electric,Teravolt,,,345.0 kG,306,NONE,None,Undiscovered,,45,1250000,N
645,Landorus,89,125,90,115,80,101,600,Ground,Flying,Sand Force,,Sheer Force,68.0 kG,270,NONE,M (100%),Undiscovered,,3,1250000,N
646,Kyurem,125,130,90,130,90,95,660,Dragon,Ice,Pressure,,,325.0 kG,297,NONE,None,Undiscovered,,3,1250000,N
647,Keldeo,91,72,90,129,90,108,580,Water,Fighting,Justified,,,48.5 kG,261,NONE,None,Undiscovered,,3,1250000,N
648,Meloetta (A),100,77,77,128,128,90,600,Normal,Psychic,Serene Grace,,,6.5 kG,270,NONE,None,Undiscovered,,3,1250000,N
648.1,Meloetta (P),100,128,90,77,77,128,600,Normal,Fighting,Serene Grace,,,6.5 kG,,NONE,None,Undiscovered,,3,1250000,N
649,Genesect,71,120,95,120,95,99,600,Bug,Steel,Download,,,82.5 kG,270,NONE,None,Undiscovered,,3,1250000,N
650,Chespin,56,61,65,48,45,38,313,Grass,,Overgrow,,Bulletproof,9.0 kG,63,5355,M (87.5%),Field,,45,1059860,
651,Quilladin,61,78,95,56,58,57,405,Grass,,Overgrow,,Bulletproof,29.0 kG,142,5355,M (87.5%),Field,,45,1059860,Lv. 16
652,Chesnaught,88,107,122,74,75,64,530,Grass,Fighting,Overgrow,,Bulletproof,90.0 kG,239,5355,M (87.5%),Field,,45,1059860,Lv. 36
653,Fennekin,40,45,40,62,60,60,307,Fire,,Blaze,,Magician,9.4 kG,61,5355,M (87.5%),Field,,45,1059860,
654,Braixen,59,59,58,90,70,73,409,Fire,,Blaze,,Magician,14.5 kG,143,5355,M (87.5%),Field,,45,1059860,Lv. 16
655,Delphox,75,69,72,114,100,104,534,Fire,Psychic,Blaze,,Magician,39.0 kG,240,5355,M (87.5%),Field,,45,1059860,Lv. 36
656,Froakie,41,56,40,62,44,71,314,Water,,Torrent,,Protean,7.0 kG,63,5355,M (87.5%),Water 1,,45,1059860,
657,Frogadier,54,63,52,83,56,97,405,Water,,Torrent,,Protean,10.9 kG,142,5355,M (87.5%),Water 1,,45,1059860,Lv. 16
658,Greninja,72,95,67,103,71,122,530,Water,Dark,Torrent,,Protean,40.0 kG,239,5355,M (87.5%),Water 1,,45,1059860,Lv. 36
659,Bunnelby,38,36,38,32,36,57,237,Normal,,Pickup,Cheek Pouch,Huge Power,5.0 kG,47,4080,Neutral,Field,,255,1000000,
660,Diggersby,85,56,77,50,77,78,423,Normal,Ground,Pickup,Cheek Pouch,Huge Power,42.4 kG,148,4080,Neutral,Field,,127,1000000,Lv. 20
661,Fletchling,45,50,43,40,38,62,278,Normal,Flying,Big Pecks,,Gale Wings,1.7 kG,56,4080,Neutral,Flying,,255,1059860,
662,Fletchinder,62,73,55,56,52,84,382,Fire,Flying,Flame Body,,Gale Wings,16.0 kG,134,4080,Neutral,Flying,,120,1059860,Lv. 17
663,Talonflame,78,81,71,74,69,126,499,Fire,Flying,Flame Body,,Gale Wings,24.5 kG,175,4080,Neutral,Flying,,45,1059860,Lv. 35
664,Scatterbug,38,35,40,27,25,35,200,Bug,,Shield Dust,Compound Eyes,Friend Guard,2.5 kG,40,4080,Neutral,Bug,,255,1000000,
665,Spewpa,45,22,60,27,30,29,213,Bug,,Shed Skin,,Friend Guard,8.4 kG,75,4080,Neutral,Bug,,120,1000000,Lv. 9
666,Vivillon,80,52,50,90,50,89,411,Bug,Flying,Shield Dust,Compound Eyes,Friend Guard,17.0 kG,185,4080,Neutral,Bug,,45,1000000,Lv. 12
667,Litleo,62,50,58,73,54,72,369,Fire,Normal,Rivalry,Unnerve,Moxie,13.5 kG,74,5355,F (75%),Field,,220,1059860,
668,Pyroar,86,68,72,109,66,106,507,Fire,Normal,Rivalry,Unnerve,Moxie,81.5 kG,177,5355,F (75%),Field,,65,1059860,Lv. 35
669,Flabébé,44,38,39,61,79,42,303,Fairy,,Flower Veil,,Symbiosis,0.1 kG,61,5355,F (100%),Fairy,,225,1000000,
670,Floette,54,45,47,75,98,52,371,Fairy,,Flower Veil,,Symbiosis,0.9 kG,130,5355,F (100%),Fairy,,120,1000000,Lv. 19
671,Florges,78,65,68,112,154,75,552,Fairy,,Flower Veil,,Symbiosis,10.0 kG,248,5355,F (100%),Fairy,,45,1000000,Shiny Stone
672,Skiddo,66,65,48,62,57,52,350,Grass,,Sap Sipper,,Grass Pelt,31.0 kG,70,5355,Neutral,Field,,200,1000000,
673,Gogoat,123,100,62,97,81,68,531,Grass,,Sap Sipper,,Grass Pelt,91.0 kG,186,5355,Neutral,Field,,45,1000000,Lv. 32
674,Pancham,67,82,62,46,48,43,348,Fighting,,Iron Fist,Mold Breaker,Scrappy,8.0 kG,70,6630,Neutral,Field,Human-Like,220,1000000,
675,Pangoro,95,124,78,69,71,58,495,Fighting,Dark,Iron Fist,Mold Breaker,Scrappy,136.0 kG,173,6630,Neutral,Field,Human-Like,65,1000000,Lv. 32 \w Dark-type in party
676,Furfrou,75,80,60,65,90,102,472,Normal,,Fur Coat,,,28.0 kG,165,5355,Neutral,Field,,160,1000000,N
677,Espurr,62,48,54,63,60,68,355,Psychic,,Keen Eye,Infiltrator,Own Tempo,3.5 kG,71,5355,Neutral,Field,,190,1000000,
678,Meowstic,74,48,76,83,81,104,466,Psychic,,Keen Eye,Infiltrator,Prankster (M) or Competitive (F),8.5 kG,163,5355,Neutral,Field,,75,1000000,Lv. 25
679,Honedge,45,80,100,35,37,28,325,Steel,Ghost,No Guard,,,2.0 kG,65,5355,Neutral,Mineral,,180,1000000,
680,Doublade,59,110,150,45,49,35,448,Steel,Ghost,No Guard,,,4.5 kG,157,5355,Neutral,Mineral,,90,1000000,Lv. 35
681,Aegislash,60,50,150,50,150,60,520,Steel,Ghost,Stance Change,,,53.0 kG,234,5355,Neutral,Mineral,,45,1000000,Dusk Stone
682,Spritzee,78,52,60,63,65,23,341,Fairy,,Healer,,Aroma Veil,0.5 kG,68,5355,Neutral,Fairy,,200,1000000,
683,Aromatisse,101,72,72,99,89,29,462,Fairy,,Healer,,Aroma Veil,15.5 kG,162,5355,Neutral,Fairy,,140,1000000,Trade holding Sachet
684,Swirlix,62,48,66,59,57,49,341,Fairy,,Sweet Veil,,Unburden,3.5 kG,68,5355,Neutral,Fairy,,200,1000000,
685,Slurpuff,82,80,86,85,75,72,480,Fairy,,Sweet Veil,,Unburden,5.0 kG,168,5355,Neutral,Fairy,,140,1000000,Trade holding Whipped Dream
686,Inkay,53,54,53,37,46,45,288,Dark,Psychic,Suction Cups,Contrary,Infiltrator,3.5 kG,58,5355,Neutral,Water 1,Water 2,190,1000000,
687,Malamar,86,92,88,68,75,73,482,Dark,Psychic,Suction Cups,Contrary,Infiltrator,47.0 kG,169,5355,Neutral,Water 1,Water 2,80,1000000,Lv. 30 while holding 3DS upside down
688,Binacle,42,52,67,39,56,50,306,Rock,Water,Sniper,Tough Claws,Pickpocket,31.0 kG,61,5355,Neutral,Water 3,,120,1000000,
689,Barbaracle,72,105,115,54,86,68,500,Rock,Water,Sniper,Tough Claws,Pickpocket,96.0 kG,175,5355,Neutral,Water 3,,45,1000000,Lv. 39
690,Skrelp,50,60,60,60,60,30,320,Poison,Water,Poison Point,Poison Touch,Adaptability,7.3 kG,64,5355,Neutral,Water 1,Dragon,225,1000000,
691,Dragalge,65,75,90,97,123,44,494,Poison,Dragon,Poison Point,Poison Touch,Adaptability,81.5 kG,173,5355,Neutral,Water 1,Dragon,55,1000000,Lv. 48
692,Clauncher,50,53,62,58,63,44,330,Water,,Mega Launcher,,,8.3 kG,66,4080,Neutral,Water 1,Water 3,225,1250000,
693,Clawitzer,71,73,88,120,89,59,500,Water,,Mega Launcher,,,35.3 kG,100,4080,Neutral,Water 1,Water 3,55,1250000,Lv. 37
694,Helioptile,44,38,33,61,43,70,289,Electric,Normal,Dry Skin,Sand Veil,Solar Power,6.0 kG,58,5355,Neutral,Monster,Dragon,190,1000000,
695,Heliolisk,62,55,52,109,94,109,481,Electric,Normal,Dry Skin,Sand Veil,Solar Power,21.0 kG,168,5355,Neutral,Monster,Dragon,75,1000000,Sun Stone
696,Tyrunt,58,89,77,45,45,48,362,Rock,Dragon,Strong Jaw,,Sturdy,26.0 kG,72,7905,M (87.5%),Monster,Dragon,45,1000000,
697,Tyrantrum,82,121,119,69,59,71,521,Rock,Dragon,Strong Jaw,,Sturdy,270.0 kG,182,7905,M (87.5%),Monster,Dragon,45,1000000,Lv. 39 During daytime
698,Amaura,77,59,50,67,63,46,362,Rock,Ice,Refrigerate,,Snow Warning,25.2 kG,72,7905,M (87.5%),Monster,,45,1000000,
699,Aurorus,123,77,72,99,92,58,521,Rock,Ice,Refrigerate,,Snow Warning,225.0 kG,104,7905,M (87.5%),Monster,,45,1000000,Lv. 39 During nighttime
700,Sylveon,95,65,65,110,130,60,525,Fairy,,Cute Charm,,Pixilate,23.5 kG,184,9180,M (87.5%),Field,,45,1000000,"Two Affection hearts on Pokémon-Amie
and know a Fairy-type move"
701,Hawlucha,78,92,75,74,63,118,500,Fighting,Flying,Unburden,Limber,Mold Breaker,21.5 kG,175,5355,Neutral,Human-Like,,100,1000000,N
702,Dedenne,67,58,57,81,67,101,431,Electric,Fairy,Cheek Pouch,Pickup,Plus,2.2 kG,151,5355,Neutral,Field,Fairy,100,1000000,N
703,Carbink,50,50,150,50,150,50,500,Rock,Fairy,Clear Body,,Sturdy,5.7 kG,100,6630,None,Fairy,Mineral,60,1250000,N
704,Goomy,45,50,35,55,75,40,300,Dragon,,Sap Sipper,Hydration,Gooey,2.8 kG,60,10455,Neutral,Dragon,,45,1250000,
705,Sliggoo,68,75,53,83,113,60,452,Dragon,,Sap Sipper,Hydration,Gooey,17.5 kG,158,10455,Neutral,Dragon,,45,1250000,Lv. 40
706,Goodra,90,100,70,110,150,80,600,Dragon,,Sap Sipper,Hydration,Gooey,150.5 kG,270,10455,Neutral,Dragon,,45,1250000,Lv. 50 in the rain
707,Klefki,57,80,91,80,87,75,470,Steel,Fairy,Prankster,,Magician,3.0 kG,165,5355,Neutral,Mineral,,75,800000,N
708,Phantump,43,70,48,50,60,38,309,Ghost,Grass,Natural Cure,Frisk,Harvest,7.0 kG,62,5355,Neutral,Grass,Amorphous,120,1000000,
709,Trevenant,85,110,76,65,82,56,474,Ghost,Grass,Natural Cure,Frisk,Harvest,71.0 kG,166,5355,Neutral,Grass,Amorphous,60,1000000,Trade
710,Pumpkaboo,44,66,70,44,55,56,335,Ghost,Grass,Pickup,Frisk,Insomnia,5.0 kG,67,5355,Neutral,Amorphous,,120,1000000,
711,Gourgeist,55,85,122,58,75,99,494,Ghost,Grass,Pickup,Frisk,Insomnia,39.0 kG,173,5355,Neutral,Amorphous,,60,1000000,Trade
712,Bergmite,55,69,85,32,35,28,304,Ice,,Own Tempo,Ice Body,Sturdy,99.5 kG,61,5355,Neutral,Monster,,190,1000000,
713,Avalugg,95,117,184,44,46,28,514,Ice,,Own Tempo,Ice Body,Sturdy,505.0 kG,180,5355,Neutral,Monster,,55,1000000,Lv. 37
714,Noibat,40,30,35,45,40,55,245,Flying,Dragon,Frisk,Infiltrator,Telepathy,8.0 kG,49,5355,Neutral,Flying,,190,1000000,
715,Noivern,85,70,80,97,80,123,535,Flying,Dragon,Frisk,Infiltrator,Telepathy,85.0 kG,187,5355,Neutral,Flying,,45,1000000,Lv. 48
716,Xerneas,126,131,95,131,98,99,680,Fairy,,Fairy Aura,,,215.0 kG,306,30855,None,Undiscovered,,45,1250000,N
717,Yveltal,126,131,95,131,98,99,680,Dark,Flying,Dark Aura,,,203.0 kG,306,30855,None,Undiscovered,,45,1250000,N
718,Zygarde,108,100,121,81,95,95,600,Dragon,Ground,Aura Break,,,305.0 kG,270,30855,None,Undiscovered,,3,1250000,N
719,Diancie,50,100,150,100,150,50,600,Rock,Fairy,Clear Body,,Magic Bounce (Mega),8.8 kG,270,6630,None,Undiscovered,,3,1250000,N
720,Hoopa (C),80,110,60,150,130,70,600,Psychic,Ghost,Magician,,,9 kG,270,,,Undiscovered,,,,
721,Hoopa (U),80,160,60,170,130,80,680,Psychic,Dark,Magician,,,190 kG,270,,,Undiscovered,,,,
721,Volcanion,80,110,120,130,90,70,600,Fire,Water,Water Absorb,,,,270,,,Undiscovered,,,,
722,Rowlet,68,55,55,50,50,42,320,Grass,Flying,Overgrow ,Long Reach,,,,,,Flying,,,,
723,Dartrix,78,75,75,70,70,52,420,Grass,Flying,Overgrow ,Long Reach,,,,,,Flying,,,,
724,Decidueye,78,107,75,100,100,70,530,Grass,Ghost,Overgrow ,Long Reach,,,,,,Flying,,,,
725,Litten,45,65,40,60,40,70,320,Fire,,Blaze ,Intimidate,,,,,,Field,,,,
726,Torracat,65,85,50,80,50,90,420,Fire,,Blaze ,Intimidate,,,,,,Field,,,,
727,Incineroar,95,115,90,80,90,60,530,Fire,Dark,Blaze ,Intimidate,,,,,,Field,,,,
728,Popplio,50,54,54,66,56,40,320,Water,,Torrent ,Liquid Voice,,,,,,Water 1,Field,,,
729,Brionne,60,69,69,91,81,50,420,Water,,Torrent ,Liquid Voice,,,,,,Water 1,Field,,,
730,Primarina,80,74,74,126,116,60,530,Water,Fairy,Torrent ,Liquid Voice,,,,,,Water 1,Field,,,
731,Pikipek,35,75,30,30,30,65,265,Normal,Flying,Keen Eye ,Skill Link ,Pickup,,,,,Flying,,,,
732,Trumbeak,55,85,50,40,50,75,355,Normal,Flying,Keen Eye ,Skill Link ,Pickup,,,,,Flying,,,,
733,Toucannon,80,120,75,75,75,60,485,Normal,Flying,Keen Eye ,Skill Link ,Sheer Force,,,,,Flying,,,,
734,Yungoos,48,70,30,30,30,45,253,Normal,,Stakeout ,Strong Jaw ,Adaptability,,,,,Field,,,,
735,Gumshoos,88,110,60,55,60,45,418,Normal,,Stakeout ,Strong Jaw ,Adaptability,,,,,Field,,,,
736,Grubbin,47,62,45,55,45,46,300,Bug,,Swarm,,,,,,,Bug,,,,
737,Charjabug,57,82,95,55,75,36,400,Bug,Electric,Battery,,,,,,,Bug,,,,
738,Vikavolt,77,70,90,145,75,43,500,Bug,Electric,Levitate,,,,,,,Bug,,,,
739,Crabrawler,47,82,57,42,47,63,338,Fighting,,Hyper Cutter ,Iron Fist ,Anger Point,,,,,Water 3,,,,
740,Crabominable,97,132,77,62,67,43,478,Fighting,Ice,Hyper Cutter ,Iron Fist ,Anger Point,,,,,Water 3,,,,
741,Oricorio,75,70,70,98,70,93,476,Fire,Flying,Dancer,,,,,,,Flying,,,,
742,Cutiefly,40,45,40,55,40,84,304,Bug,Fairy,Honey Gather ,Shield Dust ,Sweet Veil,,,,,Bug,Fairy,,,
743,Ribombee,60,55,60,95,70,124,464,Bug,Fairy,Honey Gather ,Shield Dust ,Sweet Veil,,,,,Bug,Fairy,,,
744,Rockruff,45,65,40,30,40,60,280,Rock,,Keen Eye ,Vital Spirit ,Steadfast,,,,,Field,,,,
745,Lycanroc,"75
85","115
115","65
75","55
55","65
75","112
82","487
487",Rock,,Keen Eye ,Sand Rush ,Steadfast,,,,,Field,,,,
746,Wishiwashi,"45
45","20
140","20
130","25
140","25
135","40
30","175
620",Water,,Schooling,,,,,,,Water 2,,,,
747,Mareanie,50,53,62,43,52,45,305,Poison,Water,Merciless ,Limber ,Regenerator,,,,,Water 1,,,,
748,Toxapex,50,63,152,53,142,35,495,Poison,Water,Merciless ,Limber ,Regenerator,,,,,Water 1,,,,
749,Mudbray,70,100,70,45,55,45,385,Ground,,Own Tempo,Stamina ,Inner Focus,,,,,Field,,,,
750,Mudsdale,100,125,100,55,85,35,500,Ground,,Own Tempo,Stamina ,Inner Focus,,,,,Field,,,,
751,Dewpider,38,40,52,40,72,27,269,Water,Bug,Water Bubble ,Water Absorb,Water Absorb,,,,,Water 1,Bug,,,
752,Araquanid,68,70,92,50,132,42,454,Water,Bug,Water Bubble ,Water Absorb,Water Absorb,,,,,Water 1,Bug,,,
753,Fomantis,40,55,35,50,35,35,250,Grass,,Leaf Guard ,Contrary,Contrary,,,,,Grass,,,,
754,Lurantis,70,105,90,80,90,45,480,Grass,,Leaf Guard ,Contrary,Contrary,,,,,Grass,,,,
755,Morelull,40,35,55,65,75,15,285,Grass,Fairy,Illuminate ,Effect Spore,Rain Dish,,,,,Grass,,,,
756,Shiinotic,60,45,80,90,100,30,405,Grass,Fairy,Illuminate ,Effect Spore,Rain Dish,,,,,Grass,,,,
757,Salandit,48,44,40,71,40,77,320,Poison,Fire,Corrosion ,Oblivious,Oblivious,,,,,Monster,Dragon,,,
758,Salazzle,68,64,60,111,60,117,480,Poison,Fire,Corrosion ,Oblivious,Oblivious,,,,,Monster,Dragon,,,
759,Stufful,70,75,50,45,50,50,340,Normal,Fighting,Fluffy ,Klutz ,Cute Charm,,,,,Field,,,,
760,Bewear,120,125,80,55,60,60,500,Normal,Fighting,Fluffy ,Klutz ,Unnerve,,,,,Field,,,,
761,Bounsweet,42,30,38,30,38,32,210,Grass,,Leaf Guard ,Oblivious ,Sweet Veil,,,,,Grass,,,,
762,Steenee,52,40,48,40,48,62,290,Grass,,Leaf Guard ,Oblivious ,Sweet Veil,,,,,Grass,,,,
763,Tsareena,72,120,98,50,98,72,510,Grass,,Leaf Guard ,Queenly Majesty ,Sweet Veil,,,,,Grass,,,,
764,Comfey,51,52,90,82,110,100,485,Fairy,,Flower Veil ,Triage ,Natural Cure,,,,,Grass,,,,
765,Oranguru,90,60,80,90,110,60,490,Normal,Psychic,Inner Focus ,Telepathy ,,,,,,Field,,,,
766,Passimian,100,120,90,40,60,80,490,Fighting,,Receiver ,Defiant,,,,,,Field,,,,
767,Wimpod,25,35,40,20,30,80,230,Bug,Water,Wimp Out,,,,,,,Bug,Water 3,,,
768,Golisopod,75,125,140,60,90,40,530,Bug,Water,Emergency Exit,,,,,,,Bug,Water 3,,,
769,Sandygast,55,55,80,70,45,15,320,Ghost,Ground,Water Compaction ,Sand Veil,Sand Veil,,,,,Amorphous,,,,
770,Palossand,85,75,110,100,75,35,480,Ghost,Ground,Water Compaction ,Sand Veil,Sand Veil,,,,,Amorphous,,,,
771,Pyukumuku,55,60,130,30,130,5,410,Water,,Innards Out,Unaware,Unaware,,,,,Water 1,,,,
772,Type: Null,95,95,95,95,95,59,534,Normal,,Battle Armor,,,,,,,Undiscovered,,,,
773,Silvally,95,95,95,95,95,95,570,Normal,,RKS System,,,,,,,Undiscovered,,,,
774,Minior,"60
60","60
100","100
60","60
100","100
60","60
120","440
500",Rock,Flying,Shields Down,,,,,,,Mineral,,,,
775,Komala,65,115,65,75,95,65,480,Normal,,Comatose,,,,,,,Field,,,,
776,Turtonator,60,78,135,91,85,36,485,Fire,Dragon,Shell Armor,,,,,,,Monster,Dragon,,,
777,Togedemaru,65,98,63,40,73,96,435,Electric,Steel,Iron Barbs ,Lightningrod,Sturdy,,,,,Field,Fairy,,,
778,Mimikyu,55,90,80,50,105,96,476,Ghost,Fairy,Disguise,,,,,,,Amorphous,,,,
779,Bruxish,68,105,70,70,70,92,475,Water,Psychic,Dazzling ,Strong Jaw ,Wonder Skin,,,,,Water 2,,,,
780,Drampa,78,60,85,135,91,36,485,Normal,Dragon,Berserk ,Sap Sipper ,Cloud Nine,,,,,Monster,Dragon,,,
781,Dhelmise,70,131,100,86,90,40,517,Ghost,Grass,Steelworker,,,,,,,Mineral,,,,
782,Jangmo-o,45,55,65,45,45,45,300,Dragon,,Bulletproof ,Soundproof ,Overcoat,,,,,Dragon,,,,
783,Hakamo-o,55,75,90,65,70,65,420,Dragon,Fighting,Bulletproof ,Soundproof ,Overcoat,,,,,Dragon,,,,
784,Kommo-o,75,110,125,100,105,85,600,Dragon,Fighting,Bulletproof ,Soundproof ,Overcoat,,,,,Dragon,,,,
785,Tapu Koko,70,115,85,95,75,130,570,Electric,Fairy,Electric Surge ,Telepathy,,,,,,Undiscovered,,,,
786,Tapu Lele,70,85,75,130,115,95,570,Psychic,Fairy,Psychic Surge ,Telepathy,,,,,,Undiscovered,,,,
787,Tapu Bulu,70,130,115,85,95,75,570,Grass,Fairy,Grassy Surge ,Telepathy,,,,,,Undiscovered,,,,
788,Tapu Fini,70,75,115,95,130,85,570,Water,Fairy,Misty Surge ,Telepathy,,,,,,Undiscovered,,,,
789,Cosmog,43,29,31,29,31,37,200,Psychic,,Unaware,,,,,,,Undiscovered,,,,
790,Cosmoem,43,29,131,29,131,37,400,Psychic,,Sturdy,,,,,,,Undiscovered,,,,
791,Solgaleo,137,137,107,113,89,97,680,Psychic,Steel,Full Metal Body,,,,,,,Undiscovered,,,,
792,Lunala,137,113,89,137,107,97,680,Psychic,Ghost,Shadow Shield,,,,,,,Undiscovered,,,,
793,Nihilego,109,53,47,127,131,103,570,Rock,Poison,Beast Boost,,,,,,,Undiscovered,,,,
794,Buzzwole,107,139,139,53,53,79,570,Bug,Fighting,Beast Boost,,,,,,,Undiscovered,,,,
795,Pheromosa,71,137,37,137,37,151,570,Bug,Fighting,Beast Boost,,,,,,,Undiscovered,,,,
796,Xurkitree,83,89,71,173,71,83,570,Electric,,Beast Boost,,,,,,,Undiscovered,,,,
797,Celesteela,97,101,103,107,101,61,570,Steel,Flying,Beast Boost,,,,,,,Undiscovered,,,,
798,Kartana,59,181,131,59,31,109,570,Grass,Steel,Beast Boost,,,,,,,Undiscovered,,,,
799,Guzzlord,223,101,53,97,53,43,570,Dark,Dragon,Beast Boost,,,,,,,Undiscovered,,,,
800,Necrozma,97,107,101,127,89,79,600,Psychic,,Prism Armor,,,,,,,Undiscovered,,,,
801,Magearna,80,95,115,130,115,65,600,Steel,Fairy,Soul-Heart,,,,,,,Undiscovered,,,,
802,Marshadow,90,125,80,90,90,125,600,Fighting,Ghost,Technician,,,,,,Genderless,Undiscovered,,,,